0,1,2,3,4,5,6,7,8,9,10,11,12,13,14,15,16,17,18,19,20
"(37.43097687, 127.07033539)","(37.44765854, 127.05501556)","(37.44893646, 127.05437469)","(37.44896698, 127.05773926)","(37.45066071, 127.05706024)","(37.44785309, 126.90288544)","(37.57722092, 126.81219482)","(37.58162308, 126.81265259)","(37.55644989, 126.815979)","(37.56268311, 126.8162384)","(37.58161163, 126.79859924)","(37.57844925, 126.79897308)","(37.4369812, 126.90329742)","(37.43727112, 126.90268707)","(37.56155014, 126.81047821)","(37.4433403, 126.90335846)","(37.56334686, 126.81048584)","(37.44686127, 126.90383148)","(37.56387329, 126.81060791)","(37.57364273, 126.81180573)",
"(37.4532814, 127.05148315)","(37.45375061, 127.05937958)","(37.45435715, 127.06210327)","(37.45440674, 127.06492615)","(37.45441818, 127.052742)","(37.55104446, 126.8184967)","(37.56022644, 126.81906891)","(37.56917953, 126.81944275)","(37.45470047, 126.89105225)","(37.54969406, 126.819664)","(37.45132065, 126.89762115)","(37.47601318, 126.81645966)","(37.57303238, 126.81645203)","(37.45145798, 126.90211487)","(37.45177078, 126.91339874)","(37.57631683, 126.8164978)","(37.45299149, 126.90090942)","(37.47473145, 126.81700897)","(37.56728363, 126.81827545)","(37.55302048, 126.818367)",
"(37.45563126, 127.08097839)","(37.45560837, 127.06445312)","(37.45561981, 127.06710052)","(37.4557991, 127.01628876)","(37.45623398, 127.01934814)","(37.48062897, 126.82181549)","(37.45672607, 126.89306641)","(37.48080826, 126.82190704)","(37.45684052, 126.88834381)","(37.4798317, 126.82275391)","(37.47737503, 126.82001495)","(37.57049942, 126.82008362)","(37.55854034, 126.82010651)","(37.56267929, 126.82047272)","(37.56231308, 126.82125854)","(37.45633316, 126.89645386)","(37.56844711, 126.82164764)","(37.45647812, 126.89592743)","(37.56698227, 126.82180023)","(37.45652008, 126.89955139)",
"(37.45742416, 127.02265167)","(37.4585495, 127.05588531)","(37.45924759, 127.04163361)","(37.45924759, 127.02390289)","(37.45995331, 127.02474213)","(37.56857681, 126.8247757)","(37.46017075, 126.89604187)","(37.55134964, 126.82493591)","(37.460289, 126.89218903)","(37.53952026, 126.82540131)","(37.57309341, 126.82289886)","(37.45777893, 126.88942719)","(37.47790527, 126.82311249)","(37.47793961, 126.82327271)","(37.4589119, 126.89859009)","(37.55010986, 126.82367706)","(37.45901871, 126.89671326)","(37.55312729, 126.82374573)","(37.56229401, 126.82395172)","(37.49279022, 126.82452393)",
"(37.46157837, 127.04879761)","(37.46263885, 127.02661896)","(37.46268845, 127.04611206)","(37.46332169, 127.03604126)","(37.48259735, 126.82645416)","(37.55831146, 126.82652283)","(37.5605011, 126.82665253)","(37.55553818, 126.82675934)","(37.46429825, 126.98852539)","(37.55061722, 126.82688141)","(37.46053696, 126.89860535)","(37.46134567, 126.89758301)","(37.47937012, 126.82546997)","(37.47934341, 126.82563782)","(37.46103287, 126.88710022)","(37.48250961, 126.82575989)","(37.55350876, 126.8258667)","(37.46214676, 126.93177795)","(37.49072266, 126.82639313)","(37.46257401, 126.90686035)",
"(37.46461868, 127.10684967)","(37.46506119, 127.10119629)","(37.46531677, 127.10772705)","(37.46632767, 127.09488678)","(37.46738434, 127.04145813)","(37.46681976, 126.94880676)","(37.53955078, 126.82830048)","(37.57094193, 126.82831573)","(37.46740341, 126.90814209)","(37.57138062, 126.82833862)","(37.46455002, 126.88372803)","(37.46488571, 126.91947937)","(37.5602417, 126.8271637)","(37.56520081, 126.82731628)","(37.56254959, 126.82743835)","(37.56692505, 126.82743835)","(37.53620148, 126.82779694)","(37.56580353, 126.82807922)","(37.46654129, 126.89028168)","(37.56948471, 126.82809448)",
"(37.46750641, 127.03447723)","(37.46768951, 127.0403595)","(37.46829605, 127.10469818)","(37.46920013, 127.02900696)","(37.53304672, 126.82995605)","(37.4691391, 126.89720154)","(37.56121445, 126.83031464)","(37.49525833, 126.83065796)","(37.46940613, 126.94451141)","(37.532547, 126.83080292)","(37.55363083, 126.82861328)","(37.51427841, 126.82874298)","(37.4679985, 126.88684082)","(37.50190353, 126.82896423)","(37.4681015, 126.98680115)","(37.55965805, 126.8296051)","(37.55746841, 126.82971954)","(37.46856689, 126.94675446)","(37.5553093, 126.82985687)","(37.46905518, 126.95814514)",
"(37.46965027, 127.03961182)","(37.47043991, 127.03885651)","(37.47064972, 127.12711334)","(37.47129822, 127.12709045)","(37.4917984, 126.83242035)","(37.47077942, 126.88515472)","(37.57297516, 126.83244324)","(37.4711647, 126.93701935)","(37.51167297, 126.83274078)","(37.56133652, 126.83390045)","(37.56408691, 126.83084869)","(37.4702301, 126.89507294)","(37.51409912, 126.83100128)","(37.55335236, 126.83104706)","(37.47046661, 126.93865204)","(37.53636932, 126.83171082)","(37.55947113, 126.83207703)","(37.47068787, 126.93648529)","(37.55524826, 126.83229828)","(37.4706955, 126.94219971)",
"(37.47153854, 127.05059052)","(37.47192764, 127.02684021)","(37.47200012, 127.0513382)","(37.47245407, 127.09607697)","(37.47248077, 126.89586639)","(37.5602417, 126.8358078)","(37.47249985, 126.89795685)","(37.56824112, 126.83583069)","(37.47261047, 126.98300934)","(37.54782104, 126.83612823)","(37.48937988, 126.834198)","(37.47182846, 126.93392181)","(37.56412888, 126.83431244)","(37.55524063, 126.8347168)","(37.47198868, 126.95842743)","(37.53012848, 126.83477783)","(37.5161972, 126.8348999)","(37.47229385, 126.93341064)","(37.55912781, 126.83495331)","(37.51215744, 126.83562469)",
"(37.47296906, 127.11222839)","(37.47361374, 127.03050995)","(37.47437668, 127.14067078)","(37.47438812, 127.03890228)","(37.47457886, 127.05545044)","(37.47422028, 126.89412689)","(37.52219009, 126.83670044)","(37.56330109, 126.83682251)","(37.55894852, 126.83717346)","(37.53736115, 126.83744812)","(37.47288132, 126.96003723)","(37.50574493, 126.83631134)","(37.56929398, 126.8361969)","(37.47320938, 126.8849411)","(37.48859787, 126.83649445)","(37.54890823, 126.83656311)","(37.47372818, 126.91840363)","(37.55291367, 126.83657074)","(37.4737587, 126.99524689)","(37.56089401, 126.83669281)",
"(37.47465897, 127.1377182)","(37.47518158, 127.00138855)","(37.47560501, 127.05037689)","(37.47590637, 127.04624176)","(37.4754715, 126.93645477)","(37.48620987, 126.83882141)","(37.5610199, 126.83887482)","(37.48638535, 126.83921051)","(37.47597885, 126.98628235)","(37.56320572, 126.8393631)","(37.53033829, 126.83825684)","(37.47509003, 126.95922852)","(37.47507095, 126.90335846)","(37.51699829, 126.83831787)","(37.48223877, 126.83853149)","(37.47510147, 126.88806915)","(37.54098129, 126.83854675)","(37.52407074, 126.83860016)","(37.47531891, 126.89888763)","(37.56866455, 126.83879852)",
"(37.47598648, 127.05962372)","(37.47602844, 127.10594177)","(37.47662735, 126.94364166)","(37.51158524, 126.84156036)","(37.47677612, 126.96486664)","(37.48366547, 126.84161377)","(37.47689056, 126.98057556)","(37.57131958, 126.84166718)","(37.4769516, 126.89186859)","(37.53835678, 126.84236145)","(37.48028946, 126.83950043)","(37.52228165, 126.83969879)","(37.47608948, 126.98133087)","(37.542099, 126.84021759)","(37.4762764, 126.88539124)","(37.54141235, 126.84022522)","(37.47629547, 126.96495819)","(37.47989655, 126.84037018)","(37.47648239, 126.96536255)","(37.56768036, 126.84089661)",
"(37.47720337, 127.00583649)","(37.477211, 127.13717651)","(37.4773407, 127.11327362)","(37.4774704, 127.14459229)","(37.47750854, 127.12632751)","(37.47750854, 127.04517365)","(37.50971222, 126.84416962)","(37.55819702, 126.84426117)","(37.50682068, 126.84429932)","(37.5051384, 126.84433746)","(37.47702789, 126.96339417)","(37.56256866, 126.84246063)","(37.47706985, 126.88442993)","(37.54275131, 126.84262085)","(37.47705841, 126.88518524)","(37.50889969, 126.84268188)","(37.47709656, 126.91113281)","(37.47943115, 126.84269714)","(37.57204437, 126.84400177)","(37.49393845, 126.84405518)",
"(37.47753143, 127.14151764)","(37.47782898, 127.03826904)","(37.47813034, 127.1472168)","(37.47820282, 127.00878143)","(37.54853439, 126.84667206)","(37.50170517, 126.84728241)","(37.47840881, 126.90737152)","(37.49848175, 126.84750366)","(37.47842789, 126.93186188)","(37.52891922, 126.8480835)","(37.57036972, 126.84441376)","(37.54146957, 126.84477997)","(37.47777557, 126.91675568)","(37.49676132, 126.84496307)","(37.47805786, 126.960495)","(37.54644394, 126.84545898)","(37.47806931, 126.98203278)","(37.48210526, 126.84572601)","(37.56585312, 126.84659576)","(37.47817993, 126.89740753)",
"(37.47854996, 127.13813782)","(37.47880936, 127.12000275)","(37.4788208, 127.12351227)","(37.56290054, 126.84947205)","(37.47908401, 126.87904358)","(37.52256012, 126.84947968)","(37.47909164, 126.99067688)","(37.55065918, 126.84976959)","(37.4791069, 126.98150635)","(37.55940247, 126.85044098)","(37.56925964, 126.84841919)","(37.47874069, 126.89509583)","(37.52906036, 126.84848022)","(37.47877121, 126.95869446)","(37.51705933, 126.84848785)","(37.52760696, 126.84875488)","(37.4788208, 126.95960999)","(37.55687714, 126.84880829)","(37.56468201, 126.84890747)","(37.47903061, 126.88729858)",
"(37.47916031, 127.13219452)","(37.47929001, 127.05573273)","(37.47930527, 127.12979889)","(37.47946548, 127.12532806)","(37.48054123, 127.1370163)","(37.48015976, 126.8863678)","(37.54832077, 126.85340118)","(37.48025131, 126.91460419)","(37.5188446, 126.85368347)","(37.49768448, 126.85372925)","(37.52433395, 126.85054779)","(37.47916412, 126.95258331)","(37.55659866, 126.85147095)","(37.5218811, 126.85175323)","(37.4860611, 126.85201263)","(37.47946548, 126.95693207)","(37.50513458, 126.85276031)","(37.49396515, 126.8530426)","(37.47991562, 126.90283966)","(37.55625916, 126.85331726)",
"(37.48057556, 127.11856842)","(37.48080063, 127.13034058)","(37.48084259, 127.11801147)","(37.48087692, 127.01452637)","(37.48088074, 127.06304169)","(37.51068115, 126.85739899)","(37.48122025, 126.95157623)","(37.55437851, 126.85753632)","(37.48123169, 126.88148499)","(37.49499512, 126.85825348)","(37.55833435, 126.85406494)","(37.48072052, 126.90932465)","(37.564785, 126.85464478)","(37.56103516, 126.85481262)","(37.51515579, 126.85489655)","(37.48086929, 126.95331573)","(37.51395035, 126.85605621)","(37.56458664, 126.85691833)","(37.52143478, 126.85738373)","(37.48088837, 126.88380432)",
"(37.48123932, 127.11979675)","(37.48138428, 127.05391693)","(37.48149109, 127.03672791)","(37.48153687, 127.12212372)","(37.49034119, 126.8609314)","(37.55746078, 126.86145782)","(37.48154831, 126.95200348)","(37.54478836, 126.86199951)","(37.48160172, 126.89279938)","(37.54653168, 126.86254883)","(37.51065826, 126.85916138)","(37.4813385, 126.95064545)","(37.48135376, 126.88694)","(37.49723053, 126.85919189)","(37.51472092, 126.85919952)","(37.49428177, 126.85921478)","(37.48149109, 126.98158264)","(37.56124878, 126.86058044)","(37.50605011, 126.86078644)","(37.48152924, 126.91203308)",
"(37.48173904, 127.14322662)","(37.48209, 127.11974335)","(37.48215866, 127.00270081)","(37.48236847, 127.06118774)","(37.48257065, 127.03643799)","(37.50119019, 126.86353302)","(37.53139877, 126.86360931)","(37.55110931, 126.8637085)","(37.48275375, 126.94140625)","(37.53837585, 126.86383057)","(37.48170471, 126.95082855)","(37.51684189, 126.86295319)","(37.50790405, 126.86264801)","(37.49649811, 126.86309814)","(37.54143143, 126.86322021)","(37.48218918, 126.94615936)","(37.54218292, 126.86330414)","(37.48218918, 126.94213104)","(37.53650665, 126.86333466)","(37.48228836, 126.87776947)",
"(37.48297882, 127.04225922)","(37.48303986, 127.02146149)","(37.48326111, 127.0522995)","(37.4833107, 127.08493805)","(37.48366165, 126.98232269)","(37.49789047, 126.86450195)","(37.48368835, 126.93915558)","(37.55073166, 126.86457825)","(37.48377991, 126.97792053)","(37.52571487, 126.86486816)","(37.48288345, 126.90103912)","(37.56193161, 126.86386871)","(37.53280258, 126.86392975)","(37.55166626, 126.86408997)","(37.51584244, 126.86411285)","(37.5303688, 126.86425781)","(37.4833107, 126.93902588)","(37.51728058, 126.86433411)","(37.48334122, 126.94319916)","(37.55947876, 126.86437988)",
"(37.48387909, 127.0890274)","(37.48398972, 127.03417969)","(37.48416138, 127.01097107)","(37.48416901, 127.09484863)","(37.4845314, 127.12016296)","(37.48440933, 126.9289093)","(37.52043915, 126.86840057)","(37.48450851, 126.93006897)","(37.49946976, 126.86840057)","(37.53254318, 126.86872864)","(37.52325439, 126.86490631)","(37.51237869, 126.86555481)","(37.51732635, 126.86630249)","(37.51037979, 126.8667984)","(37.48423004, 126.9263916)","(37.54950714, 126.86721802)","(37.48425674, 126.95469666)","(37.55425262, 126.86756134)","(37.48437119, 126.89542389)","(37.49988937, 126.86769867)",
"(37.48455811, 127.01486969)","(37.48479843, 127.03699493)","(37.48485184, 127.0583725)","(37.50452042, 126.87055206)","(37.48476791, 126.93287659)","(37.52537155, 126.8709259)","(37.49539948, 126.87100983)","(37.49856949, 126.871521)","(37.48485947, 126.89518738)","(37.53643036, 126.871521)","(37.54917908, 126.8687973)","(37.4846077, 126.98179626)","(37.48463058, 126.97154999)","(37.5343895, 126.86959839)","(37.52490616, 126.86978912)","(37.48464584, 126.93450928)","(37.51897049, 126.8699646)","(37.4846611, 126.90390015)","(37.52820587, 126.87016296)","(37.48470306, 126.98059082)",
"(37.48515701, 127.03407288)","(37.48521805, 127.11540222)","(37.48537827, 127.04170227)","(37.485672, 127.01592255)","(37.48574066, 127.05104828)","(37.5468483, 126.87277222)","(37.55004883, 126.87316132)","(37.48567963, 126.88670349)","(37.4920311, 126.87377167)","(37.49981308, 126.87431335)","(37.48490143, 126.93653107)","(37.49699783, 126.8717804)","(37.48493958, 126.90132141)","(37.5146637, 126.87194061)","(37.54748535, 126.87202454)","(37.49528503, 126.87216187)","(37.51515579, 126.87248993)","(37.48550797, 126.98162079)","(37.52916336, 126.87274933)","(37.48561096, 126.99468231)",
"(37.48598862, 127.12476349)","(37.48616028, 127.06723785)","(37.48646927, 127.02806091)","(37.48656082, 127.08267212)","(37.53458023, 126.8756485)","(37.48652649, 126.98916626)","(37.53102875, 126.87589264)","(37.52667999, 126.8761673)","(37.48665237, 126.9678421)","(37.5298996, 126.87654114)","(37.4858284, 126.98262787)","(37.49340057, 126.87432861)","(37.54719925, 126.87448883)","(37.54670715, 126.87457275)","(37.48621368, 126.87863922)","(37.52785492, 126.87467194)","(37.48622513, 126.93582916)","(37.52477646, 126.87548065)","(37.48635864, 126.9429245)","(37.52406311, 126.87557983)",
"(37.48669815, 127.12244415)","(37.48677826, 127.10051727)","(37.48683548, 127.10275269)","(37.4873085, 127.01058197)","(37.53025055, 126.87930298)","(37.48712921, 126.91301727)","(37.50733185, 126.87973022)","(37.48730087, 126.92870331)","(37.58285522, 126.87982178)","(37.50311661, 126.88038635)","(37.51759338, 126.8765564)","(37.4867363, 126.9475174)","(37.54114151, 126.87667847)","(37.52455139, 126.87705231)","(37.51690674, 126.87758636)","(37.48683548, 126.9680481)","(37.53650284, 126.87774658)","(37.48701096, 126.98496246)","(37.53302002, 126.87789917)","(37.48712158, 126.9743576)",
"(37.48731613, 127.02489471)","(37.48735046, 127.10099792)","(37.48768234, 127.0247879)","(37.48799896, 127.13108826)","(37.4882431, 127.02701569)","(37.48834991, 127.12078094)","(37.51000977, 126.88204956)","(37.50518036, 126.88253784)","(37.48836136, 126.90622711)","(37.54384232, 126.88254547)","(37.49545288, 126.88039398)","(37.48864746, 126.88047028)","(37.48752975, 126.90487671)","(37.58131409, 126.88058472)","(37.57012177, 126.88134766)","(37.48786545, 126.99429321)","(37.5378685, 126.88140869)","(37.53566742, 126.88158417)","(37.48815918, 126.96647644)","(37.58618927, 126.88161469)",
"(37.48871994, 127.07453918)","(37.48897171, 127.05182648)","(37.48907089, 127.10929871)","(37.48899078, 126.91638184)","(37.49750519, 126.88437653)","(37.48905182, 126.99252319)","(37.58559036, 126.88472748)","(37.52046585, 126.88481903)","(37.48907852, 126.97356415)","(37.58450317, 126.88559723)","(37.48855591, 126.98257446)","(37.58320236, 126.88276672)","(37.51424026, 126.88287354)","(37.48856354, 126.92848206)","(37.58752441, 126.88300323)","(37.48880005, 126.89066315)","(37.54433823, 126.88327026)","(37.48886871, 126.97190857)","(37.58063126, 126.88367462)","(37.50254822, 126.88388062)",
"(37.48927689, 127.06557465)","(37.48934174, 127.04129791)","(37.48987198, 127.11083984)","(37.49053955, 127.00816345)","(37.48974991, 126.92746735)","(37.57948685, 126.88739014)","(37.58207703, 126.88766479)","(37.48991776, 126.99208069)","(37.57749557, 126.88777161)","(37.52565002, 126.88781738)","(37.4891777, 126.91927338)","(37.5228157, 126.88565063)","(37.53874207, 126.88568115)","(37.58265686, 126.88578796)","(37.48939896, 126.90711212)","(37.53722763, 126.88661194)","(37.48949051, 126.94592285)","(37.58081055, 126.88665009)","(37.48958588, 126.98672485)","(37.5123291, 126.88683319)",
"(37.4908371, 127.08065033)","(37.49055099, 127.03146362)","(37.49068832, 127.14312744)","(37.49095917, 127.05498505)","(37.49100876, 127.02352142)","(37.49111176, 127.02295685)","(37.4911232, 127.13510895)","(37.49113083, 127.12580872)","(37.4912262, 126.95607758)","(37.49645615, 126.8895874)","(37.57597733, 126.88806915)","(37.50437927, 126.88829803)","(37.54466629, 126.88835907)","(37.49526596, 126.88847351)","(37.51715088, 126.8886261)","(37.49103165, 126.89215088)","(37.57939911, 126.88916016)","(37.51992798, 126.88918304)","(37.50284958, 126.88948059)","(37.51006317, 126.88956451)",
"(37.49179077, 127.08821106)","(37.49180984, 127.07315826)","(37.4919281, 127.05696869)","(37.49195099, 127.00855255)","(37.49206161, 127.03074646)","(37.49207687, 127.07197571)","(37.49209976, 127.11775208)","(37.49219894, 127.03945923)","(37.49256516, 126.8947525)","(37.5779953, 126.89147186)","(37.49150085, 126.98240662)","(37.57147598, 126.88968658)","(37.52252579, 126.88996887)","(37.49414062, 126.88998413)","(37.50971985, 126.89009857)","(37.49578094, 126.89012146)","(37.58194733, 126.89029694)","(37.57580185, 126.89073944)","(37.50819397, 126.89130402)","(37.52708435, 126.89138031)",
"(37.4928093, 127.04138947)","(37.49312592, 127.14382172)","(37.49317932, 127.11854553)","(37.49319839, 127.1289978)","(37.49325943, 127.02953339)","(37.49334335, 127.14472961)","(37.49361801, 127.01418304)","(37.49372864, 127.12062073)","(37.49375916, 127.04589844)","(37.49440384, 126.89444733)","(37.52193069, 126.89161682)","(37.52848816, 126.89164734)","(37.52450562, 126.89182281)","(37.49851608, 126.89199066)","(37.53587341, 126.8921814)","(37.52809906, 126.89338684)","(37.49824142, 126.89398193)","(37.56908417, 126.89442444)","(37.53210068, 126.8944397)","(37.4937706, 126.99006653)",
"(37.49400711, 127.07951355)","(37.49411774, 127.06290436)","(37.49416733, 127.10453033)","(37.49421692, 127.01378632)","(37.49423599, 127.04746246)","(37.49449921, 127.063797)","(37.49469757, 127.10464478)","(37.49457169, 126.89974976)","(37.56624603, 126.8961792)","(37.52463531, 126.89621735)","(37.57566452, 126.89444733)","(37.57822037, 126.89447021)","(37.53845978, 126.89450836)","(37.49420547, 126.98935699)","(37.51615524, 126.89461517)","(37.58216095, 126.89492798)","(37.50793076, 126.89523315)","(37.49449921, 126.91652679)","(37.51933289, 126.89530182)","(37.51873779, 126.89557648)",
"(37.49482346, 127.04790497)","(37.49535751, 127.11569214)","(37.4955368, 127.10720062)","(37.49556351, 127.0191803)","(37.49565887, 127.15717316)","(37.49569321, 127.12385559)","(37.49567032, 127.13059235)","(37.55661011, 126.89801788)","(37.57361984, 126.8980484)","(37.51124191, 126.89818573)","(37.4947052, 126.98239136)","(37.56684494, 126.89644623)","(37.49474335, 126.98306274)","(37.52113342, 126.89653778)","(37.52826309, 126.89662933)","(37.49985886, 126.89723969)","(37.49550629, 126.95637512)","(37.57746887, 126.89736176)","(37.5315094, 126.89782715)","(37.49980927, 126.89800262)",
"(37.49611664, 127.06944275)","(37.49577332, 127.12458038)","(37.4958992, 127.05219269)","(37.49618149, 127.13803101)","(37.49619293, 127.02101135)","(37.49655151, 127.0542984)","(37.49667358, 127.05342865)","(37.49689484, 127.07013702)","(37.53073502, 126.89916992)","(37.50947571, 126.89929962)","(37.56396484, 126.89820862)","(37.53596115, 126.89830017)","(37.57711411, 126.89836121)","(37.50532913, 126.89848328)","(37.50611496, 126.89859009)","(37.49651337, 126.91480255)","(37.51385117, 126.89888)","(37.57072067, 126.89897919)","(37.4966011, 126.95368195)","(37.51707077, 126.899086)",
"(37.49691391, 127.02496338)","(37.49704742, 127.14035034)","(37.49721146, 127.00427246)","(37.49741364, 127.09630585)","(37.49751663, 127.15467834)","(37.49769974, 127.14620209)","(37.49805069, 127.04460144)","(37.4977951, 126.98706818)","(37.53368759, 126.90210724)","(37.56624603, 126.90218353)","(37.56842041, 126.89942932)","(37.57506943, 126.8999176)","(37.49707794, 126.91779327)","(37.53471756, 126.90000153)","(37.51202393, 126.90105438)","(37.50657272, 126.90113068)","(37.56590271, 126.90118408)","(37.49766922, 126.91986847)","(37.52029419, 126.90119171)","(37.57313538, 126.90184784)",
"(37.4986496, 127.05931854)","(37.49847031, 127.03011322)","(37.49892807, 127.02472687)","(37.49941254, 127.11286926)","(37.49959946, 127.03375244)","(37.49975586, 127.15250397)","(37.50380325, 126.90341949)","(37.5650444, 126.9036026)","(37.49982834, 126.91994476)","(37.53533936, 126.90367889)","(37.49845505, 126.99333954)","(37.51821136, 126.90222931)","(37.57720184, 126.90235138)","(37.55134201, 126.90267181)","(37.52638626, 126.90275574)","(37.49905014, 126.99625397)","(37.55156708, 126.90284729)","(37.57731628, 126.90296936)","(37.5258522, 126.90328217)","(37.49964523, 126.92709351)",
"(37.49987411, 127.14147949)","(37.49998474, 127.13539124)","(37.50004959, 127.11151123)","(37.50024414, 127.03605652)","(37.50043869, 127.06622314)","(37.56090927, 126.90549469)","(37.55568695, 126.9055481)","(37.50024796, 126.94972992)","(37.53007889, 126.90570831)","(37.52576828, 126.90573883)","(37.49985504, 126.92956543)","(37.52869034, 126.903862)","(37.56958389, 126.90381622)","(37.51012039, 126.90406799)","(37.51322937, 126.90446472)","(37.50007629, 126.92108154)","(37.52011871, 126.90516663)","(37.50013733, 126.91397858)","(37.52630234, 126.90538025)","(37.50017166, 126.91130829)",
"(37.50057983, 127.11884308)","(37.50065231, 127.01861572)","(37.50134277, 127.05046844)","(37.50149536, 127.14778137)","(37.50154495, 127.03856659)","(37.50165176, 127.12818146)","(37.50166702, 127.13774109)","(37.52917099, 126.90757751)","(37.5148735, 126.90758514)","(37.59883881, 126.90764618)","(37.55894852, 126.90775299)","(37.50046158, 126.90584564)","(37.59186172, 126.90608215)","(37.50061417, 126.98616028)","(37.57987595, 126.90634918)","(37.5006485, 126.90951538)","(37.5742836, 126.90646362)","(37.60232925, 126.90654755)","(37.5008812, 126.94174957)","(37.56472015, 126.9067688)","(37.52251816, 126.90721893)"
"(37.50186157, 127.11723328)","(37.50194931, 127.04277039)","(37.50221252, 127.06720734)","(37.5022316, 127.0022583)","(37.50231934, 127.0222702)","(37.50233841, 127.09644318)","(37.50239563, 127.05879974)","(37.50235748, 127.04319)","(37.57447815, 126.91004944)","(37.51093292, 126.91022491)","(37.5017128, 126.99547577)","(37.57300186, 126.90779877)","(37.52974319, 126.90782928)","(37.51665115, 126.9079895)","(37.50217819, 126.94820404)","(37.56333923, 126.90820312)","(37.58203125, 126.90899658)","(37.59714127, 126.9095993)","(37.57767487, 126.9098053)","(37.5843811, 126.90989685)",
"(37.50241089, 127.02160645)","(37.50259399, 127.1276474)","(37.50263596, 127.01231384)","(37.50264359, 127.09739685)","(37.50311279, 126.96471405)","(37.51482391, 126.91188049)","(37.50318146, 126.97608948)","(37.53365707, 126.91216278)","(37.50318909, 126.97714996)","(37.551754, 126.91230011)","(37.50456619, 126.91023254)","(37.59580994, 126.91026306)","(37.50253296, 126.94064331)","(37.5556488, 126.91062927)","(37.57889175, 126.91073608)","(37.55495071, 126.91083527)","(37.50274277, 126.92157745)","(37.5841713, 126.91110229)","(37.50296021, 126.99359894)","(37.57626343, 126.91132355)",
"(37.50358582, 127.04264069)","(37.50362396, 127.10355377)","(37.50364304, 127.01602173)","(37.50375748, 127.13709259)","(37.50381088, 127.0213623)","(37.50419998, 127.08753204)","(37.50420761, 127.04896545)","(37.57513809, 126.91394043)","(37.52750778, 126.91429901)","(37.51769257, 126.91429901)","(37.50321198, 126.95459747)","(37.50362396, 126.99732208)","(37.56469727, 126.91261292)","(37.51828384, 126.9126358)","(37.52863693, 126.91267395)","(37.54864502, 126.91282654)","(37.57065201, 126.91298676)","(37.59079742, 126.91365051)","(37.52841568, 126.91391754)","(37.50411606, 126.99748993)",
"(37.50458908, 127.13936615)","(37.504673, 127.02579498)","(37.50471115, 127.08756256)","(37.50508881, 127.02391052)","(37.50509644, 127.0131073)","(37.55062866, 126.91498566)","(37.50478745, 126.99992371)","(37.5723877, 126.91510773)","(37.60473633, 126.91533661)","(37.59860611, 126.91540527)","(37.50449371, 126.92195129)","(37.6436615, 126.91455841)","(37.56855011, 126.91451263)","(37.50449753, 126.93898773)","(37.50456238, 126.94678497)","(37.56912231, 126.91479492)","(37.55000687, 126.91482544)","(37.59181213, 126.91483307)","(37.50470352, 126.96073151)","(37.61248398, 126.91487885)",
"(37.50541306, 127.13169098)","(37.50542831, 127.0528717)","(37.50544357, 127.13233185)","(37.50546265, 127.0773468)","(37.50550461, 127.10657501)","(37.5055809, 127.02427673)","(37.5056076, 127.00215912)","(37.50580215, 127.10971832)","(37.50569153, 127.08403778)","(37.52466583, 126.91802216)","(37.50535583, 126.96617889)","(37.59949112, 126.91686249)","(37.61000443, 126.91639709)","(37.58966064, 126.91694641)","(37.52816391, 126.91702271)","(37.57946014, 126.91712952)","(37.61077881, 126.91735077)","(37.61318588, 126.91735077)","(37.56765747, 126.91780853)","(37.57456207, 126.91799164)",
"(37.50593185, 127.10774994)","(37.50619888, 127.0039444)","(37.50630188, 127.12139893)","(37.50636673, 127.03452301)","(37.50656128, 127.09655762)","(37.50660706, 127.05467987)","(37.63925934, 126.91890717)","(37.52190781, 126.91895294)","(37.50667191, 126.95777893)","(37.63623428, 126.91899872)","(37.50585175, 126.93936157)","(37.50592804, 126.96923065)","(37.56983566, 126.91809082)","(37.59437561, 126.91815948)","(37.64310837, 126.91822052)","(37.64468384, 126.91845703)","(37.55751038, 126.91850281)","(37.5063591, 126.96907806)","(37.55274582, 126.91861725)","(37.5280571, 126.91870117)",
"(37.5067482, 127.09883118)","(37.50693893, 127.13922119)","(37.50723267, 127.05685425)","(37.50735092, 127.00801849)","(37.50786591, 127.11698914)","(37.50799942, 127.04524994)","(37.50809097, 127.06310272)","(37.50811005, 127.0394516)","(37.62266922, 126.91999054)","(37.60070038, 126.92012787)","(37.63001633, 126.91902924)","(37.51384354, 126.9193573)","(37.50704193, 126.95915222)","(37.56516647, 126.91939545)","(37.63825226, 126.91945648)","(37.63028717, 126.91956329)","(37.50764084, 126.92308044)","(37.61721039, 126.91957855)","(37.57327652, 126.91967773)","(37.54769135, 126.91998291)",
"(37.50831985, 127.13321686)","(37.50847626, 127.01676178)","(37.50867844, 127.1034317)","(37.50883102, 127.13426208)","(37.50887299, 127.08716583)","(37.50896835, 127.12583923)","(37.50898361, 127.12659454)","(37.50920105, 127.10411835)","(37.50912094, 127.06230927)","(37.51896286, 126.9216156)","(37.60166168, 126.92030334)","(37.55583954, 126.92043304)","(37.50858688, 126.96349335)","(37.52626419, 126.92050934)","(37.61978149, 126.92080688)","(37.5230217, 126.9208374)","(37.57215881, 126.92118835)","(37.60784912, 126.92132568)","(37.53123856, 126.92133331)","(37.64260864, 126.92147827)",
"(37.50957489, 127.0634079)","(37.50958633, 127.04090881)","(37.50997543, 127.13369751)","(37.50997925, 127.11231232)","(37.51019287, 127.00725555)","(37.51034927, 127.01605225)","(37.51045227, 127.10640717)","(37.51042938, 127.07137299)","(37.58699417, 126.92288208)","(37.60558319, 126.92293549)","(37.5093689, 126.92807007)","(37.57812119, 126.92175293)","(37.50938034, 126.96361542)","(37.61780167, 126.92196655)","(37.56465149, 126.92212677)","(37.57311249, 126.9224472)","(37.53179169, 126.92245483)","(37.61785507, 126.9225235)","(37.58334351, 126.92274475)","(37.60036087, 126.92281342)",
"(37.51050949, 127.09336853)","(37.51128006, 127.07823944)","(37.51129532, 127.08673859)","(37.51146317, 127.07881165)","(37.51151657, 127.02147675)","(37.51156998, 127.10107422)","(37.51169586, 127.04934692)","(37.64350891, 126.92410278)","(37.51193619, 126.9541626)","(37.53105545, 126.92420959)","(37.59036255, 126.92301178)","(37.51054764, 126.94484711)","(37.57222748, 126.92306519)","(37.51083755, 126.96163177)","(37.59347916, 126.92318726)","(37.54920197, 126.92320251)","(37.5213623, 126.92346191)","(37.54787064, 126.92353058)","(37.64585114, 126.92379761)","(37.58109665, 126.92402649)",
"(37.51194382, 127.09121704)","(37.51198196, 127.08505249)","(37.51202011, 127.12864685)","(37.51208878, 127.09619141)","(37.51210403, 127.10778046)","(37.51216888, 127.07893372)","(37.51252747, 127.03583527)","(37.63140869, 126.92540741)","(37.51284409, 126.95246887)","(37.52606583, 126.92553711)","(37.55706024, 126.92442322)","(37.52881622, 126.92453003)","(37.51198959, 126.92708588)","(37.52222824, 126.92463684)","(37.58369827, 126.9249649)","(37.60412598, 126.92508698)","(37.61654282, 126.92512512)","(37.51213455, 126.92543793)","(37.62265015, 126.92524719)","(37.5582962, 126.92538452)",
"(37.51298904, 127.01117706)","(37.51304626, 127.00595856)","(37.51312637, 127.10095978)","(37.60119247, 126.92638397)","(37.51335907, 126.94805908)","(37.60097504, 126.92695618)","(37.5135231, 126.94352722)","(37.56454086, 126.92707062)","(37.51357651, 126.95555115)","(37.52234268, 126.92710114)","(37.51290131, 126.92661285)","(37.62094879, 126.92563629)","(37.52069473, 126.92583466)","(37.51293945, 126.93424225)","(37.56612015, 126.92589569)","(37.51359177, 126.92593384)","(37.51306152, 126.92951202)","(37.5193634, 126.92604828)","(37.57490921, 126.92614746)","(37.51324844, 126.93997192)",
"(37.51393509, 127.05982208)","(37.51357651, 127.05503082)","(37.51395035, 127.03015137)","(37.51396179, 127.12167358)","(37.51396179, 127.10030365)","(37.51408768, 127.09902954)","(37.51424026, 127.12306976)","(37.51430893, 127.05970001)","(37.51424789, 127.06111908)","(37.55657578, 126.9288559)","(37.55893326, 126.92711639)","(37.51391983, 126.94306946)","(37.64586639, 126.92739105)","(37.60169983, 126.92742157)","(37.60394287, 126.92769623)","(37.57564163, 126.92782593)","(37.52461243, 126.92783356)","(37.51776505, 126.92841339)","(37.60240173, 126.9286499)","(37.6257782, 126.92881775)",
"(37.51486969, 127.01528168)","(37.51435852, 127.10619354)","(37.51474762, 127.03513336)","(37.51583099, 127.10679626)","(37.51588058, 127.01930237)","(37.51588821, 127.06620026)","(37.51621246, 127.08434296)","(37.51625824, 127.13059235)","(37.51665878, 127.11625671)","(37.51657104, 127.13153839)","(37.62672043, 126.92901611)","(37.52327728, 126.92923737)","(37.51736832, 126.92925262)","(37.64408112, 126.92928314)","(37.64208984, 126.92941284)","(37.62851715, 126.92958069)","(37.61096954, 126.92980957)","(37.56519699, 126.92985535)","(37.52207947, 126.93036652)","(37.64867401, 126.93070221)",
"(37.51678085, 127.09049225)","(37.51678467, 127.05161285)","(37.51681137, 127.04047394)","(37.51728821, 127.11419678)","(37.5175705, 127.02364349)","(37.51758957, 127.03502655)","(37.51763535, 127.02245331)","(37.51777267, 127.04302216)","(37.63414001, 126.93234253)","(37.5200882, 126.93236542)","(37.57807159, 126.93081665)","(37.60956573, 126.93097687)","(37.54528427, 126.93105316)","(37.63310242, 126.9315033)","(37.51729584, 126.95914459)","(37.56796646, 126.93172455)","(37.51731873, 126.95829773)","(37.54773331, 126.9317627)","(37.64385986, 126.93187714)","(37.52698898, 126.93209839)",
"(37.51807022, 127.04711914)","(37.51863861, 127.03540039)","(37.51871109, 127.05084991)","(37.51890182, 127.04938507)","(37.51913834, 127.02751923)","(37.51978683, 127.0567627)","(37.51987839, 127.13671112)","(37.60702515, 126.93331146)","(37.51990891, 126.98923492)","(37.5697403, 126.93332672)","(37.60890961, 126.93241882)","(37.51850891, 126.97879791)","(37.61442947, 126.93257904)","(37.56238174, 126.93264771)","(37.61843872, 126.93288422)","(37.52349091, 126.93289948)","(37.51931381, 126.9331665)","(37.51943588, 126.93759918)","(37.54976654, 126.93317413)","(37.63722229, 126.93330383)",
"(37.52007675, 127.11236572)","(37.52026749, 127.01525116)","(37.52045059, 127.10420227)","(37.52048874, 127.1352005)","(37.52058029, 127.05632782)","(37.52064133, 127.03450775)","(37.52124023, 127.0318985)","(37.52069473, 126.97097778)","(37.54724503, 126.93502808)","(37.58638763, 126.93512726)","(37.55342865, 126.93379211)","(37.54524231, 126.93411255)","(37.52033615, 126.9942627)","(37.54254532, 126.93429565)","(37.55295563, 126.93434143)","(37.55979538, 126.93447876)","(37.520504, 126.98973846)","(37.5591774, 126.93452454)","(37.60903168, 126.93467712)","(37.52483749, 126.93490601)",
"(37.52127457, 127.06103516)","(37.52193832, 127.13186646)","(37.52197647, 127.13362122)","(37.52330017, 127.03847504)","(37.58333588, 126.93628693)","(37.52272415, 126.97277069)","(37.55549622, 126.93634033)","(37.52293015, 126.96169281)","(37.52412033, 126.93654633)","(37.58928299, 126.93694305)","(37.60129929, 126.93534851)","(37.52177048, 126.977005)","(37.5212822, 126.97346497)","(37.63734818, 126.93584442)","(37.60100937, 126.93592834)","(37.5813179, 126.93599701)","(37.57838058, 126.93609619)","(37.52204132, 126.96552277)","(37.55485916, 126.93615723)","(37.52267456, 126.93778992)",
"(37.52361298, 127.04017639)","(37.5239296, 127.1291275)","(37.5240097, 127.00144958)","(37.52407074, 127.02178955)","(37.52452469, 127.11450958)","(37.52511597, 127.05246735)","(37.52516937, 127.11715698)","(37.52679443, 127.13005829)","(37.52678299, 127.13557434)","(37.54948425, 126.93894958)","(37.5535202, 126.93695068)","(37.52365112, 126.97026825)","(37.55113983, 126.93698883)","(37.55550385, 126.93720245)","(37.64131546, 126.93804169)","(37.55789185, 126.93807983)","(37.54364014, 126.93830872)","(37.54745865, 126.93837738)","(37.5971489, 126.93852997)","(37.61050797, 126.9385376)",
"(37.52681351, 127.1181488)","(37.52684402, 127.02825928)","(37.52703094, 127.12206268)","(37.5271225, 127.02871704)","(37.52745438, 127.04042816)","(37.52779388, 127.14764404)","(37.52812195, 127.11952209)","(37.52838135, 127.03901672)","(37.52825165, 127.12680054)","(37.55041122, 126.94384766)","(37.5591011, 126.93917847)","(37.560009, 126.94073486)","(37.59293365, 126.94129181)","(37.59115982, 126.94132996)","(37.5271492, 126.95516205)","(37.54821014, 126.94138336)","(37.6567688, 126.94200897)","(37.55600357, 126.94229889)","(37.54234695, 126.94302368)","(37.55681229, 126.9431839)",
"(37.52906036, 127.00672913)","(37.52930069, 127.03559875)","(37.52956009, 127.1490097)","(37.52974701, 127.1199646)","(37.5297699, 127.07485962)","(37.53016663, 127.00743866)","(37.53023529, 127.08683014)","(37.56526947, 126.94624329)","(37.55695343, 126.94634247)","(37.58670044, 126.94676971)","(37.52856827, 126.96569061)","(37.53575134, 126.94403839)","(37.59186172, 126.94421387)","(37.56406784, 126.94532776)","(37.53993607, 126.94582367)","(37.52960968, 126.96887207)","(37.53927231, 126.94591522)","(37.65842819, 126.94606018)","(37.55659103, 126.94618988)","(37.53014755, 126.96848297)",
"(37.53071594, 127.12098694)","(37.53099442, 127.14237213)","(37.53120804, 127.1492691)","(37.53131104, 127.11128235)","(37.53147125, 127.11109161)","(37.53181076, 127.08074188)","(37.53186035, 127.06719208)","(37.53247833, 127.08509064)","(37.5435791, 126.95132446)","(37.54425049, 126.95163727)","(37.54243088, 126.9469986)","(37.53452682, 126.9471817)","(37.59432983, 126.9473877)","(37.53442383, 126.94857025)","(37.53142166, 126.95149994)","(37.55711365, 126.94881439)","(37.58221054, 126.95016479)","(37.54457855, 126.9502182)","(37.58224487, 126.95064545)","(37.53243256, 126.95474243)",
"(37.53310776, 127.12277222)","(37.53377914, 127.13799286)","(37.53450775, 127.13840485)","(37.53379822, 126.98867035)","(37.55812836, 126.95620728)","(37.53427887, 126.98856354)","(37.5530014, 126.95668793)","(37.53440857, 126.9868927)","(37.54554749, 126.95679474)","(37.60853958, 126.95713806)","(37.53269958, 126.96437836)","(37.55739594, 126.9521637)","(37.5330658, 126.96073151)","(37.54906082, 126.95417786)","(37.54990387, 126.95514679)","(37.53345108, 126.97173309)","(37.55720139, 126.95566559)","(37.53351212, 126.97227478)","(37.56145477, 126.95574951)","(37.57666779, 126.95584869)",
"(37.53474426, 127.13528442)","(37.53507233, 127.07611084)","(37.53514099, 127.00600433)","(37.5352211, 127.06839752)","(37.53544617, 127.14518738)","(37.55754852, 126.9593811)","(37.57220459, 126.95974731)","(37.53525925, 126.97505188)","(37.57125854, 126.96047974)","(37.57202911, 126.96078491)","(37.53452301, 126.97750092)","(37.57501602, 126.95755005)","(37.53483963, 126.97766113)","(37.60760117, 126.95768738)","(37.60012817, 126.95783234)","(37.53502274, 126.9980545)","(37.54047775, 126.95811462)","(37.57386017, 126.95829773)","(37.53507996, 126.98538208)","(37.57384872, 126.95869446)",
"(37.53546524, 127.09448242)","(37.53596115, 127.14781952)","(37.53596878, 127.09467316)","(37.53600693, 127.12272644)","(37.53620529, 127.13256073)","(37.53633118, 127.11618042)","(37.53647232, 127.13715363)","(37.53657532, 127.08258057)","(37.53655624, 127.12553406)","(37.56046295, 126.96552277)","(37.53900909, 126.96138)","(37.54232025, 126.96195984)","(37.55996704, 126.96246338)","(37.59725952, 126.96308899)","(37.53607941, 126.97341919)","(37.59512711, 126.96349335)","(37.5621376, 126.96377563)","(37.56885529, 126.96456146)","(37.53722, 126.96501923)","(37.55410767, 126.96540833)",
"(37.53680038, 127.09083557)","(37.53657913, 127.0929718)","(37.53680801, 127.05548859)","(37.5368309, 127.12841797)","(37.53699875, 127.12953186)","(37.53701019, 127.08224487)","(37.53701401, 127.06109619)","(37.53730774, 127.07035065)","(37.53739929, 126.96892548)","(37.55536652, 126.96864319)","(37.56477737, 126.96614838)","(37.53675842, 126.97000122)","(37.56131744, 126.96658325)","(37.5695076, 126.9670105)","(37.56472397, 126.96727753)","(37.60604858, 126.96763611)","(37.57484818, 126.96826935)","(37.60627365, 126.96832275)","(37.55978012, 126.96850586)","(37.57633209, 126.96858978)",
"(37.5377655, 127.15201569)","(37.53784943, 127.09217072)","(37.53805161, 127.07659912)","(37.53809738, 127.08901978)","(37.53813934, 127.00409698)","(37.53822708, 127.13174438)","(37.53858185, 127.12280273)","(37.53866577, 127.12424469)","(37.53872681, 127.00154877)","(37.57579422, 126.97145081)","(37.53739929, 126.96892548)","(37.55641556, 126.9691925)","(37.56805038, 126.96923065)","(37.54489517, 126.96938324)","(37.54165268, 126.97050476)","(37.57455063, 126.97055054)","(37.53841019, 126.98664856)","(37.58507919, 126.9706192)","(37.5621109, 126.97071838)","(37.56999969, 126.97109985)",
"(37.53913879, 127.07061768)","(37.53950119, 127.08300018)","(37.53956604, 127.0724411)","(37.53965378, 127.05258942)","(37.53989029, 127.07336426)","(37.5398941, 127.14103699)","(37.54006195, 127.09449768)","(37.54013824, 127.06928253)","(37.54072952, 127.10290527)","(37.60871887, 126.97286224)","(37.55989075, 126.97149658)","(37.54198074, 126.97154236)","(37.54902649, 126.97194672)","(37.54407883, 126.97200012)","(37.57436371, 126.97236633)","(37.5444603, 126.97238922)","(37.58360291, 126.97254944)","(37.55760193, 126.97257996)","(37.55227661, 126.97268677)","(37.54079437, 126.99784851)",
"(37.54114532, 127.14105225)","(37.54115295, 127.00221252)","(37.54122162, 127.04380035)","(37.54124832, 127.06604004)","(37.54136276, 127.13718414)","(37.54136276, 127.01766205)","(37.54171753, 127.08016968)","(37.54179382, 127.12474823)","(37.54188538, 126.99586487)","(37.57080841, 126.9764328)","(37.56543732, 126.97330475)","(37.55599976, 126.97335815)","(37.56996918, 126.97393799)","(37.57594681, 126.97406006)","(37.56029129, 126.97454834)","(37.57176971, 126.97466278)","(37.56322861, 126.97483826)","(37.55686188, 126.97561646)","(37.54188538, 126.97966003)","(37.57405853, 126.97579956)",
"(37.54191208, 127.07763672)","(37.54195786, 127.04277039)","(37.54205322, 127.020401)","(37.54246521, 127.09423065)","(37.54251862, 127.08408356)","(37.54257965, 127.06330872)","(37.54277802, 127.07537079)","(37.54281616, 127.04208374)","(37.54317856, 127.0490799)","(37.54281616, 127.0446701)","(37.56988907, 126.97645569)","(37.551548, 126.97686005)","(37.55576706, 126.97718811)","(37.56661224, 126.9774704)","(37.56887817, 126.9774704)","(37.56993866, 126.97753906)","(37.57211304, 126.97757721)","(37.57258224, 126.97835541)","(37.57549286, 126.97850037)","(37.56415939, 126.97948456)",
"(37.54342651, 127.09661865)","(37.54366302, 127.01406097)","(37.54370499, 127.09324646)","(37.54395676, 127.12548828)","(37.54404068, 127.02320099)","(37.54415894, 127.05665588)","(37.54434967, 127.0654068)","(37.54458237, 127.04460907)","(37.5446701, 127.13267517)","(37.54459, 127.05708313)","(37.58351517, 126.97966766)","(37.56584167, 126.97981262)","(37.55965042, 126.97988892)","(37.5592308, 126.98014069)","(37.56134033, 126.98040009)","(37.5692482, 126.98053741)","(37.5797081, 126.98085785)","(37.5622139, 126.98086548)","(37.54650116, 126.9809494)","(37.58419037, 126.98169708)",
"(37.54483032, 127.10426331)","(37.54504013, 127.08995819)","(37.54516602, 127.05751038)","(37.54523087, 127.08473206)","(37.54526138, 127.12594604)","(37.54540634, 127.14267731)","(37.54541779, 127.05264282)","(37.54590988, 127.04460144)","(37.54608917, 127.02507019)","(37.54595184, 127.07800293)","(37.57039642, 126.98178864)","(37.56634521, 126.98229218)","(37.56852722, 126.98255157)","(37.56035995, 126.98265076)","(37.56983566, 126.98265839)","(37.57051086, 126.98336792)","(37.57580566, 126.98339081)","(37.56622314, 126.98358917)","(37.58760452, 126.9835968)","(37.56546402, 126.98413849)",
"(37.54630661, 127.04980469)","(37.54653549, 127.15583801)","(37.54654694, 127.10613251)","(37.54683685, 127.14916229)","(37.54684067, 127.17251587)","(37.54689789, 127.13466644)","(37.54695892, 127.04766846)","(37.54706955, 127.07427216)","(37.54747009, 127.07396698)","(37.54720306, 127.09786224)","(37.57938766, 126.9849472)","(37.58341599, 126.98523712)","(37.57624054, 126.98616028)","(37.57035828, 126.98638153)","(37.56447601, 126.98696899)","(37.56638336, 126.98720551)","(37.57335663, 126.9874649)","(37.56599045, 126.98779297)","(37.56834412, 126.98789215)","(37.57039642, 126.9881897)",
"(37.54788971, 127.06745148)","(37.54758453, 127.00643921)","(37.54782867, 127.07263184)","(37.5479126, 127.06275177)","(37.54792786, 127.01557159)","(37.54798889, 127.06950378)","(37.54814911, 127.02108765)","(37.54820251, 127.05711365)","(37.54828644, 127.06208801)","(37.54822159, 127.06787872)","(37.56999207, 126.98834229)","(37.57915497, 126.98896027)","(37.56787109, 126.98898315)","(37.57019806, 126.99125671)","(37.56439972, 126.99143219)","(37.5705986, 126.99179077)","(37.5724678, 126.99188995)","(37.59440231, 126.99230957)","(37.56655884, 126.99243927)","(37.56261826, 126.992836)",
"(37.54849625, 127.07476044)","(37.54840469, 127.06936646)","(37.54848862, 127.09375763)","(37.5485611, 127.0450058)","(37.54863358, 127.02572632)","(37.5486412, 127.01642609)","(37.54883575, 127.15617371)","(37.54903412, 127.15605164)","(37.54957581, 127.12718201)","(37.54906082, 127.05779266)","(37.5703125, 126.99454498)","(37.5707016, 126.99481201)","(37.59453964, 126.99520874)","(37.56138992, 126.9953537)","(37.57897949, 126.99647522)","(37.5667305, 126.99660492)","(37.57048035, 126.99663544)","(37.57095718, 126.99712372)","(37.58479691, 126.99713135)","(37.58194733, 126.99736786)",
"(37.54958344, 127.03024292)","(37.54978943, 127.07592773)","(37.54988861, 127.00734711)","(37.54998398, 127.17470551)","(37.55003738, 127.14691162)","(37.55023575, 127.07382202)","(37.55048752, 127.10895538)","(37.55059814, 127.14545441)","(37.55080032, 127.14295197)","(37.55059814, 127.11051178)","(37.57606125, 126.99768066)","(37.59261703, 126.99793243)","(37.57320023, 126.99796295)","(37.56605148, 126.99798584)","(37.57106781, 126.99819183)","(37.59023285, 126.9985199)","(37.58250046, 126.99853516)","(37.58327484, 126.99885559)","(37.5933609, 126.9990921)","(37.58983612, 126.99934387)",
"(37.58562851, 127.00067902)","(37.5510788, 127.16259766)","(37.55089188, 127.04476166)","(37.57114029, 127.00067139)","(37.55120468, 127.06893158)","(37.57583618, 127.00069427)","(37.55122375, 127.08970642)","(37.57330704, 127.00070953)","(37.55125046, 127.03510284)","(37.58573532, 127.0016098)","(37.58385468, 127.00185394)","(37.55184937, 127.08898163)","(37.57714462, 127.00205994)","(37.55199051, 127.15331268)","(37.5928421, 127.00212097)","(37.55220032, 127.02505493)","(37.55137253, 127.07444)","(37.58156967, 127.00178528)","(37.5513382, 127.07671356)","(37.57117462, 127.00222778)",
"(37.56699371, 127.00346375)","(37.55453873, 127.04377747)","(37.57650757, 127.00245667)","(37.55305481, 127.15688324)","(37.55332947, 127.1288681)","(37.55237198, 127.07353973)","(37.57185364, 127.00235748)","(37.57978439, 127.00253296)","(37.55341721, 127.07319641)","(37.55928802, 127.00268555)","(37.55348206, 127.16505432)","(37.56386566, 127.00274658)","(37.60776138, 127.00328064)","(37.55429459, 127.01119995)","(37.55432129, 127.01070404)","(37.59017181, 127.00408936)","(37.5539856, 127.03359222)","(37.60726166, 127.00283813)","(37.5536499, 127.15622711)","(37.57123947, 127.00440979)",
"(37.55483627, 127.13732147)","(37.55477905, 127.02484131)","(37.55456924, 127.14587402)","(37.57543182, 127.00498199)","(37.55887222, 127.00553894)","(37.57660675, 127.00556946)","(37.55486298, 127.15372467)","(37.55937576, 127.00602722)","(37.55486679, 127.14279938)","(37.570961, 127.00605774)","(37.56217194, 127.00626373)","(37.55509567, 127.15528107)","(37.58844757, 127.00670624)","(37.55514145, 127.07110596)","(37.55519867, 127.01004791)","(37.55568695, 127.15991211)","(37.57403564, 127.0067215)","(37.58876419, 127.00630951)","(37.55500793, 127.08581543)","(37.55853271, 127.00698853)",
"(37.55580902, 127.1737442)","(37.58924866, 127.00737762)","(37.55570221, 127.15792084)","(37.57131958, 127.00720978)","(37.55582047, 127.12991333)","(37.56533051, 127.00784302)","(37.55585861, 127.01385498)","(37.61207199, 127.00813293)","(37.55603027, 127.0786438)","(37.56629944, 127.00849152)","(37.55653, 127.03913116)","(37.56918335, 127.00988007)","(37.55657959, 127.04335785)","(37.56443024, 127.00995636)","(37.55644989, 127.1568222)","(37.57014084, 127.00937653)","(37.64686203, 127.00881195)","(37.55610657, 127.01978302)","(37.55666351, 127.14273834)","(37.60478973, 127.01058197)",
"(37.55805206, 127.04035187)","(37.60243988, 127.01168823)","(37.5567894, 127.16614532)","(37.55672836, 127.13626099)","(37.57146072, 127.01078796)","(37.55686188, 127.07913971)","(37.59088135, 127.01170349)","(37.55735016, 127.02921295)","(37.56764984, 127.0118103)","(37.55771255, 127.07727051)","(37.66446304, 127.01184082)","(37.55915833, 127.08751678)","(37.65317917, 127.01278687)","(37.55916214, 127.15332031)","(37.59169388, 127.01249695)","(37.55836487, 127.05690765)","(37.65447235, 127.01275635)","(37.66366577, 127.01242828)","(37.5580101, 127.1447525)","(37.65615845, 127.01313782)",
"(37.56014633, 127.02635956)","(37.55939865, 127.17118073)","(37.65568542, 127.01338196)","(37.55924606, 127.07341003)","(37.64032745, 127.01335907)","(37.55926895, 127.03839874)","(37.64967346, 127.01345062)","(37.55955887, 127.13087463)","(37.60309601, 127.01350403)","(37.55979538, 127.07420349)","(37.6203804, 127.0136795)","(37.60028839, 127.01370239)","(37.55994034, 127.01847839)","(37.64959717, 127.01384735)","(37.57376099, 127.0139389)","(37.56035614, 127.04139709)","(37.65727997, 127.0137558)","(37.55979919, 127.05632782)","(37.56002808, 127.16967773)","(37.59125137, 127.01400757)",
"(37.56068039, 127.02677917)","(37.56036758, 127.15659332)","(37.5604744, 127.01407623)","(37.64793396, 127.01457214)","(37.56060028, 127.146698)","(37.57998657, 127.01506042)","(37.56101227, 127.05423737)","(37.57933426, 127.01508331)","(37.56109619, 127.03679657)","(37.57772446, 127.01525116)","(37.56119156, 127.04968262)","(37.64545059, 127.01561737)","(37.56703186, 127.01579285)","(37.56129837, 127.16784668)","(37.56137085, 127.06365967)","(37.561203, 127.18026733)","(37.5715332, 127.01561737)","(37.56115341, 127.07096863)","(37.63870621, 127.01590729)","(37.57324219, 127.01590729)",
"(37.59282684, 127.01628876)","(37.56148911, 127.02393341)","(37.56144714, 127.03491974)","(37.64308548, 127.01616669)","(37.56179047, 127.02439117)","(37.59236526, 127.01628876)","(37.56184387, 127.17084503)","(37.5658493, 127.0164032)","(37.56186676, 127.06437683)","(37.58932877, 127.01643372)","(37.64167023, 127.01688385)","(37.56254578, 127.16448212)","(37.58388138, 127.01709747)","(37.56256485, 127.1776123)","(37.59038162, 127.01713562)","(37.56980515, 127.01695251)","(37.56335449, 127.17905426)","(37.5625267, 127.08227539)","(37.5618782, 127.15078735)","(37.63018799, 127.01773834)",
"(37.56351089, 127.05672455)","(37.56339645, 127.04187012)","(37.62652969, 127.01805878)","(37.56370926, 127.05644989)","(37.60935974, 127.01817322)","(37.61651611, 127.01837158)","(37.56371689, 127.01842499)","(37.56379318, 127.13283539)","(37.61522293, 127.01850891)","(37.56385803, 127.03031921)","(37.60241699, 127.01971436)","(37.59415817, 127.01896667)","(37.58509827, 127.01967621)","(37.56460571, 127.03652191)","(37.56429291, 127.08693695)","(37.56438065, 127.02886963)","(37.57089996, 127.01952362)","(37.58869934, 127.01891327)","(37.56427383, 127.17397308)","(37.62415695, 127.01862335)","(37.56460953, 127.02919769)"
"(37.56565857, 127.08429718)","(37.56520462, 127.04184723)","(37.57447052, 127.0198288)","(37.5653801, 127.0865097)","(37.59148026, 127.02010345)","(37.60897827, 127.02024841)","(37.56594086, 127.0453949)","(37.62155151, 127.02037048)","(37.565979, 127.04311371)","(37.61503601, 127.02069855)","(37.5868988, 127.02075195)","(37.59802628, 127.02140808)","(37.56681824, 127.02915192)","(37.60710526, 127.02149963)","(37.56697083, 127.07441711)","(37.58375168, 127.02194977)","(37.56699371, 127.02991486)","(37.56669998, 127.06242371)","(37.56626129, 127.0236969)","(37.61666489, 127.02210999)",
"(37.56764984, 127.05115509)","(37.5970993, 127.02262878)","(37.56764221, 127.0256958)","(37.64355087, 127.0223465)","(37.56797028, 127.04689026)","(37.60404587, 127.0226593)","(37.56799698, 127.06877899)","(37.57222366, 127.02270508)","(37.5681839, 127.05127716)","(37.60475159, 127.02275848)","(37.63986206, 127.022789)","(37.57575989, 127.02283478)","(37.56863785, 127.17480469)","(37.63561249, 127.022995)","(37.56864929, 127.08625031)","(37.56874847, 127.03040314)","(37.64889145, 127.02301788)","(37.5685463, 127.17700958)","(37.56819153, 127.05717468)","(37.57734299, 127.02337646)",
"(37.57527161, 127.02346802)","(37.5701561, 127.04858398)","(37.57110214, 127.02355957)","(37.56965637, 127.05596161)","(37.6362915, 127.02337646)","(37.60083008, 127.02355194)","(37.57125473, 127.07980347)","(37.57859039, 127.02384949)","(37.57152557, 127.03535461)","(37.61828613, 127.02404785)","(37.5794487, 127.02419281)","(37.64173889, 127.02462769)","(37.60308456, 127.0247879)","(37.57217407, 127.07138824)","(37.63018036, 127.02490997)","(37.57294846, 127.06614685)","(37.5720253, 127.07700348)","(37.57164001, 127.03565979)","(37.57214737, 127.04460907)","(37.63967133, 127.02519989)",
"(37.57366562, 127.03081512)","(37.57308578, 127.05216217)","(37.63796997, 127.02590179)","(37.62733459, 127.02605438)","(37.57358932, 127.08682251)","(37.62607956, 127.02648163)","(37.57375336, 127.03853607)","(37.57419968, 127.02649689)","(37.57402802, 127.08054352)","(37.64473724, 127.02656555)","(37.63927841, 127.02675629)","(37.57420349, 127.05769348)","(37.57429886, 127.08691406)","(37.66207886, 127.02771759)","(37.57471848, 127.0533905)","(37.57418823, 127.04589081)","(37.62714005, 127.02669525)","(37.57407761, 127.08500671)","(37.63920212, 127.02723694)","(37.63880539, 127.02835846)",
"(37.57594681, 127.03736115)","(37.57485199, 127.04030609)","(37.65165329, 127.02848816)","(37.6198082, 127.02852631)","(37.57575989, 127.04837036)","(37.66205215, 127.02875519)","(37.57598495, 127.0796051)","(37.58259201, 127.02897644)","(37.57638168, 127.03511047)","(37.61545944, 127.02970123)","(37.57655716, 127.0743103)","(37.65796661, 127.03009033)","(37.57762146, 127.05210876)","(37.61395645, 127.03025055)","(37.61669922, 127.03049469)","(37.57778168, 127.09018707)","(37.60913086, 127.0300293)","(37.57653046, 127.06594086)","(37.57768631, 127.03101349)","(37.58407974, 127.03103638)",
"(37.5801506, 127.04579926)","(37.57799911, 127.03762817)","(37.57779312, 127.05783081)","(37.66562271, 127.03108978)","(37.58644485, 127.03160095)","(37.57787704, 127.06168365)","(37.63626099, 127.03217316)","(37.57835007, 127.03338623)","(37.65814972, 127.03266907)","(37.57863235, 127.07190704)","(37.64519882, 127.03298187)","(37.57986832, 127.08236694)","(37.66250992, 127.03327942)","(37.5799408, 127.07939911)","(37.64689636, 127.03343201)","(37.610569, 127.0335083)","(37.58034897, 127.09265137)","(37.58655167, 127.03314209)","(37.5798378, 127.0563736)","(37.63520432, 127.03396606)",
"(37.58111191, 127.08010101)","(37.58105469, 127.08209229)","(37.58040619, 127.04482269)","(37.63539124, 127.03455353)","(37.59928513, 127.03462219)","(37.65134811, 127.034729)","(37.58131027, 127.05534363)","(37.65858841, 127.03520966)","(37.58143234, 127.03547668)","(37.65012741, 127.03534698)","(37.63371658, 127.03551483)","(37.58245468, 127.04449463)","(37.58256149, 127.05436707)","(37.63437653, 127.03575134)","(37.58300781, 127.06097412)","(37.5834198, 127.07992554)","(37.65805054, 127.03575897)","(37.64966965, 127.03561401)","(37.58164597, 127.08843231)","(37.63112259, 127.03603363)",
"(37.6186409, 127.03623962)","(37.58462524, 127.07028961)","(37.58369827, 127.0538559)","(37.5907135, 127.03619385)","(37.58412933, 127.05793762)","(37.60843277, 127.03632355)","(37.58519745, 127.06095123)","(37.61210251, 127.03659058)","(37.58565521, 127.07505035)","(37.59328842, 127.03666687)","(37.58723831, 127.0431366)","(37.60390854, 127.0373764)","(37.58745956, 127.09597015)","(37.58779144, 127.03736115)","(37.62552643, 127.037323)","(37.65224075, 127.0370636)","(37.58637238, 127.0800705)","(37.58659363, 127.04699707)","(37.58681488, 127.06754303)","(37.62268829, 127.03781128)",
"(37.62673187, 127.03877258)","(37.58890152, 127.08728027)","(37.58751678, 127.05277252)","(37.65446091, 127.03851318)","(37.58968735, 127.061409)","(37.63970184, 127.03883362)","(37.58975983, 127.09323883)","(37.60229111, 127.03897858)","(37.58991241, 127.06867981)","(37.59806824, 127.03927612)","(37.63238144, 127.03930664)","(37.59096146, 127.08706665)","(37.59130096, 127.0803299)","(37.60043335, 127.04020691)","(37.59161377, 127.04579163)","(37.59153366, 127.06774139)","(37.65682983, 127.03984833)","(37.59090042, 127.04258728)","(37.59972, 127.04038239)","(37.67867661, 127.04076385)",
"(37.59275818, 127.07266998)","(37.59238434, 127.05741119)","(37.62991714, 127.04091644)","(37.60108566, 127.04123688)","(37.59254074, 127.08673859)","(37.6026268, 127.04163361)","(37.593853, 127.07507324)","(37.6521225, 127.04170227)","(37.59386826, 127.07652283)","(37.66297913, 127.04193878)","(37.6876297, 127.04221344)","(37.59460068, 127.05196381)","(37.65533829, 127.04241943)","(37.66566467, 127.0426712)","(37.59489059, 127.06302643)","(37.66759872, 127.04299927)","(37.59511185, 127.10032654)","(37.59489059, 127.07495117)","(37.59424973, 127.07657623)","(37.66527176, 127.04314423)",
"(37.59788513, 127.09126282)","(37.59552002, 127.09877777)","(37.59529877, 127.08003235)","(37.6475029, 127.04331207)","(37.59581375, 127.08283997)","(37.66623306, 127.0433197)","(37.66898346, 127.04376221)","(37.59601974, 127.05982971)","(37.59732056, 127.04380798)","(37.59632874, 127.08589935)","(37.67328262, 127.04399109)","(37.63372803, 127.04436493)","(37.59732056, 127.08979797)","(37.61963654, 127.04453278)","(37.64463043, 127.04460907)","(37.6514473, 127.04470825)","(37.59859085, 127.07981873)","(37.59733963, 127.09308624)","(37.59655762, 127.08583832)","(37.67911911, 127.04498291)",
"(37.68972015, 127.04519653)","(37.59995651, 127.08000183)","(37.59909821, 127.09294891)","(37.61980057, 127.04509735)","(37.59960556, 127.06864166)","(37.60395813, 127.04534149)","(37.60007095, 127.10233307)","(37.68759155, 127.04550171)","(37.60207748, 127.07958221)","(37.65128708, 127.04554749)","(37.68400955, 127.04579163)","(37.60279846, 127.06726837)","(37.60305405, 127.07900238)","(37.67766571, 127.04624176)","(37.60408401, 127.07923126)","(37.66922379, 127.04651642)","(37.60362244, 127.0708313)","(37.66627121, 127.04598999)","(37.60271072, 127.06786346)","(37.62807083, 127.04692078)",
"(37.68523407, 127.04985809)","(37.60646057, 127.06162262)","(37.60606766, 127.0473175)","(37.60520172, 127.07858276)","(37.60460281, 127.10925293)","(37.65301514, 127.04699707)","(37.60580826, 127.04773712)","(37.62635422, 127.0474472)","(37.60588074, 127.10063171)","(37.66867065, 127.04798126)","(37.60615158, 127.09259796)","(37.64548111, 127.04857635)","(37.6063118, 127.10774231)","(37.68826675, 127.04889679)","(37.60649872, 127.09545135)","(37.65779877, 127.05004883)","(37.67721939, 127.04863739)","(37.60625076, 127.10826874)","(37.60734177, 127.05068207)","(37.65570831, 127.05010223)",
"(37.60868073, 127.10079193)","(37.60982132, 127.07813263)","(37.6073494, 127.07859039)","(37.62485886, 127.05014038)","(37.62382889, 127.05020142)","(37.64617157, 127.05056)","(37.61052322, 127.05979919)","(37.65420151, 127.05072784)","(37.61072159, 127.0774765)","(37.61844254, 127.05145264)","(37.666996, 127.05152893)","(37.61246109, 127.1033783)","(37.61817932, 127.05183411)","(37.65039062, 127.05219269)","(37.61299896, 127.06130981)","(37.61314774, 127.10514832)","(37.6463089, 127.052742)","(37.61151123, 127.07788849)","(37.6114769, 127.07739258)","(37.68645096, 127.05283356)",
"(37.68859863, 127.05340576)","(37.61355591, 127.06609344)","(37.63074875, 127.05310822)","(37.61362076, 127.10115051)","(37.61423111, 127.09676361)","(37.62934875, 127.05482483)","(37.61473846, 127.07636261)","(37.61784363, 127.05500031)","(37.61478424, 127.06700134)","(37.68031311, 127.05506897)","(37.62694168, 127.05513)","(37.67361832, 127.05525208)","(37.61545944, 127.06745148)","(37.61602402, 127.08596802)","(37.68000031, 127.05558014)","(37.67625046, 127.05550385)","(37.61616898, 127.09348297)","(37.61535263, 127.07849121)","(37.61529922, 127.06446838)","(37.67237473, 127.05599213)",
"(37.61743927, 127.10901642)","(37.61671066, 127.11073303)","(37.61707306, 127.0562439)","(37.65024948, 127.05715179)","(37.61736679, 127.07521057)","(37.66566086, 127.05729675)","(37.61756134, 127.09030914)","(37.65404892, 127.05732727)","(37.61832047, 127.07563019)","(37.61938095, 127.0578537)","(37.66524887, 127.05789185)","(37.66114044, 127.05805206)","(37.61963654, 127.08504486)","(37.65354919, 127.05808258)","(37.62000275, 127.05856323)","(37.62009811, 127.10646057)","(37.61917114, 127.07492828)","(37.61882401, 127.08757019)","(37.65411377, 127.0591507)","(37.62036896, 127.08364105)","(37.6577301, 127.05931091)"
"(37.62266159, 127.06189728)","(37.63162231, 127.06161499)","(37.62155533, 127.06951141)","(37.65397644, 127.06097412)","(37.6220932, 127.07442474)","(37.64921188, 127.06176758)","(37.62316513, 127.09049988)","(37.64550781, 127.06325531)","(37.62322235, 127.06702423)","(37.63714981, 127.06327057)","(37.65470123, 127.06340027)","(37.65620041, 127.06362152)","(37.62661362, 127.07275391)","(37.6484375, 127.0644455)","(37.62818909, 127.08210754)","(37.62862015, 127.06690979)","(37.62531662, 127.08813477)","(37.62386322, 127.06848907)","(37.64548874, 127.06458282)","(37.63957977, 127.06510162)",
"(37.62994003, 127.07655334)","(37.66070938, 127.06533051)","(37.62981415, 127.06650543)","(37.64352798, 127.06522369)","(37.63111115, 127.07015991)","(37.64963913, 127.06560516)","(37.63489914, 127.07767487)","(37.66418839, 127.06600952)","(37.63510895, 127.06832886)","(37.66521454, 127.06613922)","(37.63848877, 127.10790253)","(37.65103531, 127.06871033)","(37.64207077, 127.07662201)","(37.64265442, 127.10838318)","(37.64820862, 127.07022095)","(37.65501785, 127.06750488)","(37.6428299, 127.10666656)","(37.63999557, 127.0665741)","(37.63815689, 127.07326508)","(37.64936066, 127.0704422)",
"(37.65999985, 127.07296753)","(37.64580154, 127.08226013)","(37.64340973, 127.07183838)","(37.65032959, 127.07160187)","(37.64816284, 127.07898712)","(37.64733505, 127.07642365)","(37.64818954, 127.08048248)","(37.64902115, 127.07640839)","(37.64936066, 127.0704422)","(37.65045929, 127.08088684)","(37.65050507, 127.07398224)","(37.65924454, 127.07220459)","(37.66379166, 127.07544708)","(37.66907883, 127.07759094)","(37.67271042, 127.0831604)","(37.65679932, 127.0776062)","(37.65578079, 127.07177734)","(37.65449905, 127.0743866)",,,
