,id,stationLatitude,stationLongitude,cluster
0,102,37.5556488,126.91062927,68
1,103,37.55495071,126.91083527,68
2,104,37.55062866,126.91498566,68
3,105,37.55000687,126.91482544,86
4,106,37.54864502,126.91282654,86
5,107,37.55751038,126.91850281,68
6,108,37.55274582,126.91861725,94
7,109,37.54769135,126.91998291,86
8,111,37.54787064,126.92353058,91
9,112,37.54920197,126.92320251,91
10,114,37.55706024,126.92442322,80
11,115,37.55893326,126.92711639,80
12,116,37.56454086,126.92707062,80
13,117,37.59115982,126.94132996,75
14,118,37.54773331,126.9317627,91
15,119,37.54528427,126.93105316,91
16,120,37.54524231,126.93411255,91
17,121,37.54976654,126.93317413,80
18,122,37.54745865,126.93837738,50
19,123,37.59432983,126.9473877,75
20,124,37.55113983,126.93698883,80
21,125,37.54948425,126.93894958,91
22,126,37.55041122,126.94384766,85
23,127,37.5535202,126.93695068,80
24,128,37.55549622,126.93634033,80
25,130,37.55485916,126.93615723,80
26,131,37.5841713,126.91110229,94
27,133,37.58203125,126.90899658,94
28,134,37.55789185,126.93807983,80
29,135,37.5591011,126.93917847,80
30,136,37.55600357,126.94229889,80
31,137,37.55681229,126.9431839,80
32,138,37.5591774,126.93452454,80
33,139,37.55979538,126.93447876,80
34,140,37.560009,126.94073486,80
35,141,37.56238174,126.93264771,80
36,142,37.55720139,126.95566559,27
37,143,37.54457855,126.9502182,50
38,144,37.5435791,126.95132446,50
39,145,37.54425049,126.95163727,50
40,146,37.53993607,126.94582367,50
41,147,37.53927231,126.94591522,50
42,148,37.54234695,126.94302368,50
43,150,37.55295563,126.93434143,80
44,151,37.55568695,126.9055481,68
45,152,37.55661011,126.89801788,68
46,153,37.56469727,126.91261292,68
47,154,37.56090927,126.90549469,68
48,155,37.56855011,126.91451263,68
49,156,37.54990387,126.95514679,78
50,157,37.5530014,126.95668793,78
51,158,37.57125854,126.96047974,27
52,159,37.55695343,126.94634247,94
53,160,37.55754852,126.9593811,23
54,161,37.58224487,126.95064545,27
55,162,37.56526947,126.94624329,93
56,163,37.58369827,126.9249649,31
57,164,37.57447815,126.91004944,11
58,165,37.57513809,126.91394043,31
59,166,37.57327652,126.91967773,31
60,167,37.57946014,126.91712952,31
61,169,37.57300186,126.90779877,11
62,170,37.57311249,126.9224472,31
63,171,37.56472397,126.96727753,23
64,173,37.56477737,126.96614838,23
65,175,37.57807159,126.93081665,31
66,176,37.58109665,126.92402649,31
67,177,37.57767487,126.9098053,68
68,178,37.57987595,126.90634918,11
69,179,37.56912231,126.91479492,31
70,180,37.55996704,126.96246338,23
71,181,37.55134201,126.90267181,68
72,182,37.55156708,126.90284729,68
73,183,37.56516647,126.91939545,68
74,184,37.55894852,126.90775299,68
75,185,37.54254532,126.93429565,50
76,186,37.56396484,126.89820862,68
77,188,37.58638763,126.93512726,75
78,191,37.57889175,126.91073608,31
79,192,37.57222748,126.92306519,31
80,194,37.57731628,126.90296936,11
81,195,37.56765747,126.91780853,31
82,196,37.56612015,126.92589569,75
83,198,37.5621376,126.96377563,23
84,199,37.56684494,126.89644623,11
85,200,37.52841568,126.91391754,86
86,201,37.53123856,126.92133331,86
87,202,37.52881622,126.92453003,5
88,203,37.5280571,126.91870117,86
89,204,37.52816391,126.91702271,86
90,205,37.52626419,126.92050934,86
91,206,37.52466583,126.91802216,86
92,207,37.52698898,126.93209839,5
93,209,37.52461243,126.92783356,5
94,210,37.52606583,126.92553711,5
95,211,37.52222824,126.92463684,5
96,212,37.5213623,126.92346191,5
97,213,37.52190781,126.91895294,86
98,214,37.5230217,126.9208374,86
99,215,37.52483749,126.93490601,5
100,216,37.52349091,126.93289948,5
101,217,37.52207947,126.93036652,5
102,218,37.52327728,126.92923737,5
103,219,37.52069473,126.92583466,5
104,220,37.5193634,126.92604828,5
105,221,37.52267456,126.93778992,5
106,222,37.51943588,126.93759918,5
107,223,37.51931381,126.9331665,5
108,224,37.5200882,126.93236542,5
109,225,37.51736832,126.92925262,5
110,226,37.51776505,126.92841339,5
111,227,37.54466629,126.88835907,92
112,228,37.53845978,126.89450836,94
113,229,37.53587341,126.8921814,94
114,230,37.52463531,126.89621735,42
115,231,37.52450562,126.89182281,59
116,232,37.52565002,126.88781738,59
117,233,37.52848816,126.89164734,59
118,234,37.50046158,126.90584564,44
119,235,37.50456619,126.91023254,44
120,236,37.51615524,126.89461517,59
121,237,37.49651337,126.91480255,9
122,238,37.52638626,126.90275574,42
123,239,37.5258522,126.90328217,42
124,240,37.51873779,126.89557648,59
125,241,37.50532913,126.89848328,44
126,242,37.51093292,126.91022491,44
127,243,37.52708435,126.89138031,59
128,244,37.53007889,126.90570831,42
129,245,37.52826309,126.89662933,42
130,247,37.53368759,126.90210724,42
131,248,37.53105545,126.92420959,86
132,249,37.52412033,126.93654633,5
133,250,37.50764084,126.92308044,9
134,251,37.50449371,126.92195129,9
135,252,37.49982834,126.91994476,9
136,253,37.5006485,126.90951538,44
137,254,37.50380325,126.90341949,44
138,255,37.50657272,126.90113068,44
139,256,37.50947571,126.89929962,44
140,257,37.51384354,126.9193573,91
141,258,37.51769257,126.91429901,86
142,259,37.51359177,126.92593384,65
143,260,37.53365707,126.91216278,86
144,262,37.51992798,126.88918304,59
145,263,37.51715088,126.8886261,59
146,264,37.52193069,126.89161682,59
147,265,37.52113342,126.89653778,42
148,266,37.52029419,126.90119171,42
149,267,37.53596115,126.89830017,86
150,268,37.53471756,126.90000153,42
151,270,37.52234268,126.92710114,5
152,271,37.51896286,126.9216156,65
153,272,37.53533936,126.90367889,42
154,274,37.51665115,126.9079895,86
155,275,37.5228157,126.88565063,59
156,276,37.51828384,126.9126358,86
157,277,37.52011871,126.90516663,42
158,278,37.50793076,126.89523315,44
159,279,37.51322937,126.90446472,44
160,280,37.53210068,126.8944397,86
161,281,37.49824142,126.89398193,44
162,282,37.48752975,126.90487671,45
163,283,37.52251816,126.90721893,42
164,284,37.51821136,126.90222931,42
165,285,37.49985886,126.89723969,44
166,286,37.49457169,126.89974976,44
167,287,37.52576828,126.90573883,42
168,288,37.52809906,126.89338684,42
169,289,37.49980927,126.89800262,44
170,290,37.5315094,126.89782715,42
171,291,37.51385117,126.89888,44
172,292,37.51012039,126.90406799,44
173,293,37.52917099,126.90757751,42
174,295,37.51482391,126.91188049,91
175,296,37.52630234,126.90538025,42
176,297,37.52863693,126.91267395,86
177,298,37.52750778,126.91429901,86
178,299,37.53179169,126.92245483,86
179,300,37.56805038,126.96923065,23
180,301,37.57579422,126.97145081,27
181,302,37.57594681,126.97406006,27
182,303,37.57176971,126.97466278,27
183,304,37.57211304,126.97757721,93
184,305,37.57258224,126.97835541,93
185,306,37.57080841,126.9764328,93
186,307,37.56999969,126.97109985,27
187,308,37.56996918,126.97393799,27
188,309,37.56988907,126.97645569,93
189,310,37.56887817,126.9774704,93
190,311,37.56661224,126.9774704,85
191,314,37.5797081,126.98085785,74
192,316,37.57039642,126.98178864,93
193,318,37.56852722,126.98255157,93
194,320,37.56622314,126.98358917,85
195,321,37.56546402,126.98413849,85
196,322,37.56447601,126.98696899,72
197,324,37.56134033,126.98040009,78
198,326,37.57624054,126.98616028,72
199,327,37.57335663,126.9874649,72
200,328,37.57039642,126.9881897,72
201,329,37.56834412,126.98789215,72
202,331,37.56638336,126.98720551,72
203,332,37.56599045,126.98779297,72
204,334,37.5705986,126.99179077,72
205,335,37.57019806,126.99125671,72
206,336,37.56261826,126.992836,53
207,337,37.57897949,126.99647522,51
208,338,37.57095718,126.99712372,72
209,339,37.57106781,126.99819183,51
210,340,37.58562851,127.00067902,74
211,341,37.58156967,127.00178528,51
212,342,37.57978439,127.00253296,51
213,343,37.57543182,127.00498199,51
214,344,37.57403564,127.0067215,51
215,345,37.57330704,127.00070953,51
216,346,37.56918335,127.00988007,17
217,347,37.56533051,127.00784302,53
218,348,37.57202911,126.96078491,27
219,349,37.57633209,126.96858978,27
220,351,37.58507919,126.9706192,93
221,352,37.58341599,126.98523712,74
222,353,37.57938766,126.9849472,74
223,354,37.57915497,126.98896027,72
224,355,37.57650757,127.00245667,51
225,356,37.57714462,127.00205994,51
226,358,37.58250046,126.99853516,51
227,359,37.57606125,126.99768066,51
228,361,37.57324219,127.01590729,17
229,362,37.57222366,127.02270508,17
230,363,37.57575989,127.02283478,17
231,364,37.57933426,127.01508331,17
232,367,37.57384872,126.95869446,27
233,368,37.5692482,126.98053741,93
234,369,37.57549286,126.97850037,93
235,370,37.56322861,126.97483826,23
236,371,37.55887222,127.00553894,53
237,372,37.55429459,127.01119995,6
238,373,37.55585861,127.01385498,6
239,374,37.5604744,127.01407623,6
240,375,37.56371689,127.01842499,6
241,378,37.56980515,127.01695251,17
242,379,37.55599976,126.97335815,23
243,380,37.56386566,127.00274658,53
244,381,37.55853271,127.00698853,53
245,382,37.55519867,127.01004791,6
246,383,37.5658493,127.0164032,6
247,384,37.55978012,126.96850586,23
248,385,37.56983566,126.98265839,93
249,386,37.59023285,126.9985199,74
250,387,37.56699371,127.00346375,53
251,388,37.58573532,127.0016098,74
252,389,37.5667305,126.99660492,53
253,390,37.56138992,126.9953537,53
254,391,37.56543732,126.97330475,23
255,393,37.57014084,127.00937653,17
256,395,37.56885529,126.96456146,23
257,397,37.57048035,126.99663544,72
258,398,37.56655884,126.99243927,72
259,399,37.55410767,126.96540833,23
260,400,37.58752441,126.88300323,94
261,401,37.58618927,126.88161469,41
262,402,37.58285522,126.87982178,41
263,403,37.58559036,126.88472748,41
264,405,37.58265686,126.88578796,41
265,406,37.58131409,126.88058472,41
266,407,37.58063126,126.88367462,41
267,408,37.58081055,126.88665009,41
268,409,37.57939911,126.88916016,41
269,410,37.57749557,126.88777161,41
270,411,37.5779953,126.89147186,41
271,412,37.57580185,126.89073944,41
272,413,37.57147598,126.88968658,41
273,414,37.57822037,126.89447021,41
274,415,37.57746887,126.89736176,11
275,416,37.57566452,126.89444733,11
276,417,37.57506943,126.8999176,11
277,418,37.57072067,126.89897919,11
278,419,37.56842041,126.89942932,11
279,420,37.56624603,126.8961792,11
280,421,37.56590271,126.90118408,11
281,422,37.56908417,126.89442444,11
282,424,37.57361984,126.8980484,11
283,425,37.58450317,126.88559723,41
284,426,37.54906082,126.95417786,50
285,427,37.56958389,126.90381622,11
286,428,37.56439972,126.99143219,72
287,429,37.54988861,127.00734711,53
288,430,37.56217194,127.00626373,53
289,431,37.57089996,127.01952362,17
290,432,37.56333923,126.90820312,68
291,433,37.56634521,126.98229218,85
292,434,37.56148911,127.02393341,6
293,435,37.55686188,126.97561646,78
294,436,37.55659103,126.94618988,94
295,437,37.54821014,126.94138336,50
296,438,37.56472015,126.9067688,68
297,439,37.53575134,126.94403839,50
298,440,37.57012177,126.88134766,41
299,441,37.55989075,126.97149658,23
300,442,37.55641556,126.9691925,23
301,443,37.5621109,126.97071838,23
302,444,37.55760193,126.97257996,23
303,445,37.56029129,126.97454834,23
304,446,37.60012817,126.95783234,93
305,449,37.60871887,126.97286224,94
306,450,37.58360291,126.97254944,93
307,451,37.58351517,126.97966766,74
308,452,37.57123947,127.00440979,51
309,453,37.57114029,127.00067139,51
310,454,37.57035828,126.98638153,72
311,455,37.570961,127.00605774,74
312,456,37.57447052,127.0198288,17
313,457,37.57131958,127.00720978,17
314,458,37.56993866,126.97753906,93
315,461,37.57436371,126.97236633,27
316,464,37.58419037,126.98169708,74
317,465,37.58760452,126.9835968,74
318,466,37.56584167,126.97981262,85
319,467,37.5622139,126.98086548,78
320,468,37.56415939,126.97948456,85
321,469,37.5592308,126.98014069,78
322,470,37.55965042,126.97988892,78
323,471,37.56035995,126.98265076,78
324,472,37.56787109,126.98898315,72
325,473,37.56605148,126.99798584,53
326,474,37.56629944,127.00849152,17
327,475,37.56764984,127.0118103,17
328,476,37.56443024,127.00995636,17
329,477,37.55928802,127.00268555,53
330,479,37.55937576,127.00602722,53
331,480,37.55432129,127.01070404,6
332,481,37.56703186,127.01579285,17
333,482,37.55994034,127.01847839,6
334,483,37.54758453,127.00643921,53
335,484,37.55576706,126.97718811,78
336,486,37.60627365,126.96832275,94
337,487,37.54364014,126.93830872,50
338,489,37.58320236,126.88276672,41
339,490,37.58207703,126.88766479,41
340,491,37.57597733,126.88806915,41
341,492,37.57313538,126.90184784,11
342,493,37.55657578,126.9288559,80
343,494,37.54724503,126.93502808,91
344,495,37.54243088,126.9469986,50
345,497,37.551754,126.91230011,68
346,498,37.56465149,126.92212677,68
347,500,37.54706955,127.07427216,15
348,501,37.53730774,127.07035065,66
349,502,37.53186035,127.06719208,66
350,505,37.53701019,127.08224487,2
351,506,37.54906082,127.05779266,36
352,507,37.54820251,127.05711365,36
353,508,37.54516602,127.05751038,36
354,509,37.53965378,127.05258942,36
355,510,37.54122162,127.04380035,36
356,511,37.54458237,127.04460907,36
357,512,37.5485611,127.0450058,36
358,513,37.54630661,127.04980469,36
359,514,37.54257965,127.06330872,66
360,515,37.53023529,127.08683014,2
361,516,37.54840469,127.06936646,15
362,518,37.57152557,127.03535461,8
363,519,37.56699371,127.02991486,8
364,520,37.56385803,127.03031921,8
365,521,37.56144714,127.03491974,8
366,522,37.5486412,127.01642609,6
367,523,37.54366302,127.01406097,53
368,524,37.55220032,127.02505493,6
369,525,37.55805206,127.04035187,8
370,526,37.56351089,127.05672455,83
371,529,37.56137085,127.06365967,13
372,530,37.56874847,127.03040314,8
373,533,37.54814911,127.02108765,6
374,534,37.54863358,127.02572632,6
375,535,37.5539856,127.03359222,8
376,536,37.55735016,127.02921295,6
377,537,37.56035614,127.04139709,8
378,538,37.56764984,127.05115509,83
379,539,37.55979538,127.07420349,19
380,540,37.55603027,127.0786438,15
381,542,37.53546524,127.09448242,66
382,543,37.53596878,127.09467316,66
383,544,37.54072952,127.10290527,56
384,546,37.53247833,127.08509064,2
385,548,37.5297699,127.07485962,66
386,549,37.55122375,127.08970642,19
387,550,37.57164001,127.03565979,8
388,551,37.54006195,127.09449768,66
389,552,37.53657913,127.0929718,2
390,553,37.57125473,127.07980347,19
391,555,37.53784943,127.09217072,2
392,556,37.54205322,127.020401,53
393,557,37.56764221,127.0256958,17
394,558,37.56460571,127.03652191,8
395,559,37.56109619,127.03679657,8
396,560,37.55120468,127.06893158,15
397,561,37.54281616,127.0446701,36
398,562,37.55924606,127.07341003,19
399,563,37.5479126,127.06275177,66
400,564,37.54792786,127.01557159,6
401,565,37.54136276,127.01766205,53
402,567,37.54459,127.05708313,36
403,568,37.57110214,127.02355957,17
404,569,37.54958344,127.03024292,83
405,571,37.54849625,127.07476044,15
406,572,37.5653801,127.0865097,19
407,573,37.54523087,127.08473206,2
408,574,37.55184937,127.08898163,19
409,575,37.56429291,127.08693695,19
410,576,37.54483032,127.10426331,56
411,577,37.54654694,127.10613251,56
412,578,37.54828644,127.06208801,66
413,579,37.56520462,127.04184723,8
414,581,37.56101227,127.05423737,36
415,582,37.54317856,127.0490799,36
416,583,37.56797028,127.04689026,83
417,584,37.54782867,127.07263184,15
418,585,37.53680801,127.05548859,66
419,586,37.56594086,127.0453949,83
420,587,37.54541779,127.05264282,36
421,589,37.54415894,127.05665588,36
422,590,37.53989029,127.07336426,2
423,591,37.54277802,127.07537079,2
424,592,37.54191208,127.07763672,2
425,594,37.55836487,127.05690765,83
426,600,37.58991241,127.06867981,90
427,601,37.57594681,127.03736115,37
428,602,37.57217407,127.07138824,13
429,604,37.56965637,127.05596161,13
430,605,37.57419968,127.02649689,37
431,606,37.58462524,127.07028961,13
432,607,37.60271072,127.06786346,62
433,608,37.58131027,127.05534363,83
434,609,37.58779144,127.03736115,37
435,610,37.57308578,127.05216217,83
436,612,37.57366562,127.03081512,37
437,613,37.57527161,127.02346802,17
438,614,37.57768631,127.03101349,37
439,615,37.57638168,127.03511047,37
440,616,37.58256149,127.05436707,83
441,617,37.57420349,127.05769348,13
442,621,37.57471848,127.0533905,13
443,622,37.57779312,127.05783081,13
444,623,37.58369827,127.0538559,94
445,624,37.57418823,127.04589081,83
446,625,37.56819153,127.05717468,13
447,626,37.56115341,127.07096863,13
448,627,37.57863235,127.07190704,13
449,628,37.58681488,127.06754303,95
450,630,37.57485199,127.04030609,37
451,631,37.5681839,127.05127716,83
452,633,37.58040619,127.04482269,37
453,634,37.59601974,127.05982971,90
454,635,37.58751678,127.05277252,88
455,636,37.59090042,127.04258728,47
456,637,37.59161377,127.04579163,47
457,638,37.58300781,127.06097412,13
458,639,37.58519745,127.06095123,95
459,640,37.58245468,127.04449463,37
460,641,37.57375336,127.03853607,37
461,642,37.5701561,127.04858398,83
462,643,37.56697083,127.07441711,13
463,646,37.56186676,127.06437683,13
464,647,37.60279846,127.06726837,62
465,648,37.56669998,127.06242371,13
466,650,37.59153366,127.06774139,90
467,652,37.57653046,127.06594086,13
468,654,37.57762146,127.05210876,83
469,656,37.58723831,127.0431366,47
470,657,37.57575989,127.04837036,83
471,658,37.57294846,127.06614685,13
472,659,37.57835007,127.03338623,37
473,660,37.57799911,127.03762817,37
474,661,37.59460068,127.05196381,47
475,663,37.59489059,127.06302643,90
476,664,37.58412933,127.05793762,94
477,665,37.59960556,127.06864166,62
478,666,37.60362244,127.0708313,62
479,667,37.58659363,127.04699707,47
480,668,37.56799698,127.06877899,13
481,669,37.57214737,127.04460907,83
482,670,37.58968735,127.061409,95
483,671,37.57734299,127.02337646,37
484,672,37.57859039,127.02384949,37
485,673,37.58407974,127.03103638,37
486,674,37.58655167,127.03314209,37
487,675,37.5720253,127.07700348,13
488,676,37.58143234,127.03547668,37
489,677,37.5801506,127.04579926,37
490,678,37.57655716,127.0743103,13
491,679,37.57787704,127.06168365,13
492,680,37.59238434,127.05741119,90
493,681,37.5798378,127.0563736,13
494,700,37.5468483,126.87277222,92
495,701,37.53280258,126.86392975,92
496,702,37.53254318,126.86872864,43
497,703,37.52406311,126.87557983,43
498,704,37.52325439,126.86490631,92
499,706,37.5218811,126.85175323,35
500,707,37.51515579,126.85489655,35
501,708,37.51897049,126.8699646,77
502,709,37.51158524,126.84156036,35
503,710,37.50971222,126.84416962,35
504,711,37.51705933,126.84848785,35
505,712,37.51699829,126.83831787,25
506,713,37.53304672,126.82995605,25
507,714,37.532547,126.83080292,25
508,716,37.51728058,126.86433411,79
509,719,37.5303688,126.86425781,92
510,720,37.5161972,126.8348999,35
511,722,37.52143478,126.85738373,92
512,723,37.52916336,126.87274933,43
513,724,37.51068115,126.85739899,40
514,725,37.52433395,126.85054779,35
515,726,37.5343895,126.86959839,43
516,729,37.51037979,126.8667984,77
517,731,37.5298996,126.87654114,43
518,732,37.53955078,126.82830048,25
519,733,37.51409912,126.83100128,35
520,734,37.51395035,126.85605621,35
521,735,37.53643036,126.871521,43
522,736,37.52219009,126.83670044,25
523,737,37.52256012,126.84947968,35
524,739,37.53620148,126.82779694,25
525,740,37.53636932,126.83171082,25
526,741,37.53952026,126.82540131,34
527,742,37.55073166,126.86457825,38
528,743,37.50889969,126.84268188,35
529,744,37.54384232,126.88254547,92
530,745,37.52228165,126.83969879,25
531,746,37.53650284,126.87774658,43
532,747,37.53458023,126.8756485,43
533,748,37.53025055,126.87930298,43
534,749,37.53722763,126.88661194,43
535,750,37.51215744,126.83562469,35
536,752,37.54218292,126.86330414,92
537,754,37.54114151,126.87667847,43
538,755,37.5378685,126.88140869,43
539,756,37.52667999,126.8761673,43
540,757,37.51427841,126.82874298,35
541,758,37.51472092,126.85919952,79
542,759,37.52407074,126.83860016,25
543,760,37.50682068,126.84429932,35
544,762,37.52455139,126.87705231,43
545,763,37.51065826,126.85916138,40
546,764,37.53102875,126.87589264,43
547,765,37.52477646,126.87548065,43
548,766,37.54433823,126.88327026,92
549,767,37.50574493,126.83631134,35
550,768,37.53566742,126.88158417,43
551,769,37.52785492,126.87467194,43
552,770,37.52571487,126.86486816,92
553,771,37.52820587,126.87016296,43
554,773,37.54670715,126.87457275,92
555,774,37.54950714,126.86721802,38
556,775,37.53837585,126.86383057,92
557,776,37.53874207,126.88568115,43
558,777,37.53012848,126.83477783,25
559,779,37.5188446,126.85368347,35
560,780,37.51690674,126.87758636,59
561,781,37.51759338,126.8765564,77
562,782,37.51167297,126.83274078,35
563,785,37.51732635,126.86630249,77
564,786,37.52043915,126.86840057,92
565,787,37.50790405,126.86264801,79
566,788,37.51237869,126.86555481,77
567,790,37.52760696,126.84875488,25
568,791,37.52490616,126.86978912,92
569,792,37.52537155,126.8709259,92
570,793,37.53302002,126.87789917,43
571,794,37.51684189,126.86295319,79
572,795,37.51584244,126.86411285,79
573,796,37.5146637,126.87194061,77
574,797,37.51515579,126.87248993,77
575,800,37.53243256,126.95474243,50
576,802,37.54115295,127.00221252,46
577,803,37.53813934,127.00409698,46
578,805,37.53675842,126.97000122,78
579,806,37.5330658,126.96073151,22
580,807,37.55227661,126.97268677,78
581,808,37.520504,126.98973846,46
582,809,37.53016663,127.00743866,53
583,810,37.53841019,126.98664856,46
584,811,37.53507996,126.98538208,46
585,812,37.53483963,126.97766113,46
586,813,37.53351212,126.97227478,22
587,815,37.51850891,126.97879791,85
588,816,37.53014755,126.96848297,22
589,817,37.53345108,126.97173309,22
590,818,37.54489517,126.96938324,78
591,819,37.54165268,126.97050476,78
592,820,37.54902649,126.97194672,78
593,822,37.52204132,126.96552277,22
594,823,37.54232025,126.96195984,50
595,825,37.52033615,126.9942627,46
596,826,37.55536652,126.96864319,23
597,827,37.54188538,126.97966003,46
598,828,37.54407883,126.97200012,78
599,829,37.52293015,126.96169281,22
600,830,37.53442383,126.94857025,50
601,831,37.53427887,126.98856354,46
602,832,37.5212822,126.97346497,22
603,834,37.53900909,126.96138,50
604,835,37.54198074,126.97154236,78
605,836,37.53142166,126.95149994,50
606,837,37.52906036,127.00672913,83
607,838,37.5444603,126.97238922,78
608,839,37.5240097,127.00144958,46
609,840,37.52365112,126.97026825,22
610,841,37.52960968,126.96887207,22
611,843,37.53379822,126.98867035,46
612,844,37.5271492,126.95516205,22
613,845,37.53269958,126.96437836,22
614,846,37.54650116,126.9809494,46
615,847,37.53452301,126.97750092,46
616,848,37.53525925,126.97505188,46
617,849,37.53607941,126.97341919,46
618,850,37.53739929,126.96892548,78
619,851,37.54047775,126.95811462,50
620,852,37.53452682,126.9471817,50
621,853,37.52856827,126.96569061,22
622,854,37.53872681,127.00154877,46
623,855,37.52272415,126.97277069,22
624,857,37.53502274,126.9980545,46
625,858,37.53440857,126.9868927,46
626,859,37.54188538,126.99586487,46
627,860,37.52069473,126.97097778,22
628,863,37.52177048,126.977005,22
629,864,37.53514099,127.00600433,53
630,865,37.54079437,126.99784851,46
631,866,37.551548,126.97686005,78
632,867,37.51990891,126.98923492,46
633,868,37.53722,126.96501923,78
634,869,37.51729584,126.95914459,22
635,870,37.51731873,126.95829773,22
636,900,37.60394287,126.92769623,87
637,901,37.60097504,126.92695618,75
638,902,37.64310837,126.91822052,70
639,903,37.64586639,126.92739105,70
640,904,37.64867401,126.93070221,70
641,905,37.63623428,126.91899872,70
642,906,37.61721039,126.91957855,4
643,907,37.59949112,126.91686249,87
644,908,37.61318588,126.91735077,4
645,909,37.58699417,126.92288208,31
646,911,37.60558319,126.92293549,87
647,912,37.58966064,126.91694641,75
648,913,37.60070038,126.92012787,87
649,914,37.59079742,126.91365051,87
650,915,37.5843811,126.90989685,94
651,916,37.60784912,126.92132568,4
652,917,37.60129929,126.93534851,75
653,919,37.60702515,126.93331146,87
654,921,37.63001633,126.91902924,4
655,922,37.61780167,126.92196655,4
656,923,37.62094879,126.92563629,4
657,924,37.62851715,126.92958069,4
658,925,37.60956573,126.93097687,87
659,927,37.61785507,126.9225235,4
660,928,37.64131546,126.93804169,70
661,930,37.60166168,126.92030334,87
662,931,37.60473633,126.91533661,87
663,932,37.61000443,126.91639709,4
664,933,37.61248398,126.91487885,4
665,934,37.59714127,126.9095993,87
666,937,37.64585114,126.92379761,70
667,938,37.64468384,126.91845703,70
668,939,37.60169983,126.92742157,87
669,941,37.63722229,126.93330383,70
670,942,37.64408112,126.92928314,70
671,943,37.60240173,126.9286499,87
672,945,37.63414001,126.93234253,70
673,946,37.61843872,126.93288422,4
674,947,37.62266922,126.91999054,4
675,948,37.57720184,126.90235138,11
676,949,37.61978149,126.92080688,4
677,950,37.61077881,126.91735077,4
678,952,37.62265015,126.92524719,4
679,953,37.6257782,126.92881775,4
680,954,37.64260864,126.92147827,70
681,956,37.59437561,126.91815948,87
682,958,37.60036087,126.92281342,87
683,959,37.6436615,126.91455841,70
684,960,37.63825226,126.91945648,70
685,961,37.61096954,126.92980957,4
686,962,37.63925934,126.91890717,70
687,963,37.61442947,126.93257904,94
688,964,37.61654282,126.92512512,4
689,965,37.59347916,126.92318726,75
690,966,37.60903168,126.93467712,94
691,967,37.60890961,126.93241882,94
692,968,37.64208984,126.92941284,70
693,969,37.64385986,126.93187714,70
694,971,37.60232925,126.90654755,87
695,972,37.58216095,126.89492798,41
696,973,37.63734818,126.93584442,70
697,974,37.62672043,126.92901611,4
698,975,37.59036255,126.92301178,75
699,976,37.64350891,126.92410278,70
700,977,37.63310242,126.9315033,70
701,978,37.60100937,126.93592834,75
702,979,37.59186172,126.90608215,94
703,982,37.60412598,126.92508698,87
704,984,37.59580994,126.91026306,87
705,985,37.60119247,126.92638397,87
706,989,37.59181213,126.91483307,87
707,991,37.6567688,126.94200897,70
708,992,37.65842819,126.94606018,70
709,993,37.63028717,126.91956329,4
710,994,37.61050797,126.9385376,94
711,995,37.63140869,126.92540741,4
712,996,37.59860611,126.91540527,87
713,1001,37.54179382,127.12474823,32
714,1002,37.54526138,127.12594604,32
715,1003,37.54395676,127.12548828,32
716,1004,37.55332947,127.1288681,56
717,1006,37.55486679,127.14279938,12
718,1007,37.55955887,127.13087463,12
719,1008,37.54957581,127.12718201,56
720,1009,37.53866577,127.12424469,32
721,1010,37.53450775,127.13840485,32
722,1011,37.53474426,127.13528442,32
723,1012,37.53600693,127.12272644,32
724,1013,37.53071594,127.12098694,32
725,1014,37.55080032,127.14295197,12
726,1015,37.55003738,127.14691162,12
727,1016,37.55939865,127.17118073,29
728,1017,37.53544617,127.14518738,56
729,1019,37.52679443,127.13005829,32
730,1020,37.52825165,127.12680054,32
731,1021,37.56427383,127.17397308,29
732,1022,37.53377914,127.13799286,32
733,1023,37.54998398,127.17470551,29
734,1025,37.54684067,127.17251587,29
735,1026,37.54653549,127.15583801,29
736,1027,37.53596115,127.14781952,56
737,1028,37.53310776,127.12277222,32
738,1029,37.53655624,127.12553406,32
739,1030,37.52703094,127.12206268,56
740,1031,37.55582047,127.12991333,12
741,1032,37.55672836,127.13626099,12
742,1033,37.5580101,127.1447525,12
743,1034,37.5618782,127.15078735,12
744,1035,37.55509567,127.15528107,12
745,1036,37.55199051,127.15331268,12
746,1037,37.56256485,127.1776123,60
747,1038,37.56863785,127.17480469,60
748,1039,37.56129837,127.16784668,29
749,1041,37.55916214,127.15332031,12
750,1042,37.5685463,127.17700958,60
751,1044,37.54540634,127.14267731,12
752,1047,37.53647232,127.13715363,32
753,1048,37.53099442,127.14237213,56
754,1049,37.561203,127.18026733,60
755,1050,37.52678299,127.13557434,56
756,1051,37.55483627,127.13732147,12
757,1052,37.55644989,127.1568222,29
758,1053,37.56254578,127.16448212,29
759,1054,37.56002808,127.16967773,29
760,1056,37.56335449,127.17905426,60
761,1057,37.55580902,127.1737442,29
762,1058,37.55348206,127.16505432,29
763,1059,37.53822708,127.13174438,32
764,1060,37.5446701,127.13267517,32
765,1061,37.54689789,127.13466644,12
766,1062,37.5510788,127.16259766,29
767,1063,37.55666351,127.14273834,12
768,1064,37.52779388,127.14764404,60
769,1065,37.53120804,127.1492691,60
770,1066,37.5377655,127.15201569,56
771,1067,37.54903412,127.15605164,29
772,1068,37.5536499,127.15622711,29
773,1069,37.55305481,127.15688324,29
774,1070,37.55570221,127.15792084,29
775,1071,37.55568695,127.15991211,29
776,1072,37.55486298,127.15372467,12
777,1073,37.54114532,127.14105225,56
778,1074,37.54683685,127.14916229,12
779,1075,37.54136276,127.13718414,32
780,1076,37.5398941,127.14103699,56
781,1077,37.53620529,127.13256073,32
782,1078,37.52197647,127.13362122,60
783,1079,37.56184387,127.17084503,29
784,1080,37.5368309,127.12841797,32
785,1081,37.53699875,127.12953186,32
786,1082,37.52956009,127.1490097,60
787,1083,37.56036758,127.15659332,29
788,1084,37.5239296,127.1291275,60
789,1085,37.55456924,127.14587402,12
790,1086,37.55059814,127.14545441,12
791,1088,37.52812195,127.11952209,56
792,1089,37.56060028,127.146698,12
793,1090,37.5567894,127.16614532,29
794,1101,37.58161163,126.79859924,69
795,1102,37.57364273,126.81180573,69
796,1103,37.57722092,126.81219482,69
797,1105,37.58162308,126.81265259,69
798,1106,37.57303238,126.81645203,69
799,1108,37.56387329,126.81060791,34
800,1109,37.56334686,126.81048584,34
801,1110,37.56268311,126.8162384,28
802,1111,37.56698227,126.82180023,28
803,1112,37.56857681,126.8247757,28
804,1113,37.57309341,126.82289886,69
805,1115,37.55166626,126.86408997,38
806,1117,37.55819702,126.84426117,69
807,1118,37.55746078,126.86145782,38
808,1119,37.55425262,126.86756134,38
809,1120,37.564785,126.85464478,38
810,1121,37.55947876,126.86437988,38
811,1122,37.56193161,126.86386871,38
812,1125,37.55291367,126.83657074,69
813,1126,37.54890823,126.83656311,69
814,1127,37.54098129,126.83854675,25
815,1128,37.54141235,126.84022522,25
816,1129,37.542099,126.84021759,25
817,1130,37.54275131,126.84262085,25
818,1131,37.54644394,126.84545898,69
819,1132,37.55110931,126.8637085,38
820,1135,37.54653168,126.86254883,38
821,1136,37.54478836,126.86199951,69
822,1137,37.54143143,126.86322021,92
823,1139,37.53650665,126.86333466,92
824,1140,37.53139877,126.86360931,92
825,1141,37.52906036,126.84848022,25
826,1145,37.52891922,126.8480835,25
827,1146,37.53033829,126.83825684,25
828,1148,37.54146957,126.84477997,25
829,1149,37.56728363,126.81827545,28
830,1150,37.56155014,126.81047821,34
831,1152,37.55831146,126.82652283,28
832,1153,37.55894852,126.83717346,26
833,1155,37.56925964,126.84841919,26
834,1157,37.55065918,126.84976959,69
835,1158,37.56103516,126.85481262,38
836,1159,37.56585312,126.84659576,26
837,1160,37.56768036,126.84089661,26
838,1161,37.54969406,126.819664,34
839,1162,37.56267929,126.82047272,28
840,1163,37.57049942,126.82008362,28
841,1165,37.56844711,126.82164764,28
842,1166,37.56256866,126.84246063,26
843,1167,37.55350876,126.8258667,34
844,1168,37.56022644,126.81906891,28
845,1169,37.54719925,126.87448883,92
846,1170,37.54917908,126.8687973,38
847,1171,37.55004883,126.87316132,92
848,1172,37.56124878,126.86058044,38
849,1173,37.55625916,126.85331726,38
850,1174,37.55659866,126.85147095,38
851,1175,37.55437851,126.85753632,38
852,1177,37.55010986,126.82367706,34
853,1180,37.55746841,126.82971954,34
854,1181,37.55104446,126.8184967,34
855,1182,37.55687714,126.84880829,38
856,1183,37.54832077,126.85340118,38
857,1184,37.55644989,126.815979,28
858,1185,37.56290054,126.84947205,26
859,1187,37.55302048,126.818367,34
860,1188,37.57138062,126.82833862,69
861,1190,37.5605011,126.82665253,28
862,1191,37.5602417,126.8271637,28
863,1192,37.55553818,126.82675934,28
864,1193,37.55947113,126.83207703,34
865,1194,37.56330109,126.83682251,26
866,1195,37.56412888,126.83431244,26
867,1196,37.56824112,126.83583069,26
868,1197,37.5602417,126.8358078,26
869,1198,37.56254959,126.82743835,28
870,1199,37.54782104,126.83612823,69
871,1200,37.57844925,126.79897308,69
872,1201,37.49317932,127.11854553,84
873,1203,37.49372864,127.12062073,84
874,1204,37.49334335,127.14472961,89
875,1205,37.51042938,127.07137299,61
876,1206,37.51128006,127.07823944,61
877,1207,37.49975586,127.15250397,60
878,1208,37.52974701,127.1199646,56
879,1209,37.52045059,127.10420227,21
880,1210,37.51312637,127.10095978,21
881,1211,37.51210403,127.10778046,21
882,1212,37.49941254,127.11286926,
883,1213,37.50831985,127.13321686,10
884,1214,37.50259399,127.1276474,10
885,1215,37.51657104,127.13153839,10
886,1217,37.47930527,127.12979889,89
887,1218,37.50896835,127.12583923,10
888,1220,37.50569153,127.08403778,61
889,1221,37.50419998,127.08753204,61
890,1222,37.51198196,127.08505249,61
891,1224,37.51216888,127.07893372,61
892,1226,37.52007675,127.11236572,66
893,1227,37.49312592,127.14382172,89
894,1228,37.49769974,127.14620209,89
895,1229,37.49068832,127.14312744,89
896,1230,37.49567032,127.13059235,10
897,1231,37.51408768,127.09902954,21
898,1232,37.51208878,127.09619141,21
899,1233,37.51050949,127.09336853,61
900,1235,37.50887299,127.08716583,61
901,1239,37.48084259,127.11801147,
902,1240,37.48057556,127.11856842,
903,1241,37.48123932,127.11979675,84
904,1242,37.48209,127.11974335,84
905,1243,37.4845314,127.12016296,84
906,1244,37.48153687,127.12212372,84
907,1245,37.47946548,127.12532806,84
908,1246,37.47750854,127.12632751,89
909,1247,37.4788208,127.12351227,89
910,1248,37.51396179,127.12167358,60
911,1249,37.50546265,127.0773468,61
912,1250,37.48987198,127.11083984,
913,1251,37.50593185,127.10774994,21
914,1253,37.50165176,127.12818146,10
915,1256,37.49113083,127.12580872,84
916,1257,37.49209976,127.11775208,84
917,1258,37.49319839,127.1289978,84
918,1259,37.50898361,127.12659454,10
919,1260,37.50630188,127.12139893,10
920,1262,37.50580215,127.10971832,21
921,1263,37.48054123,127.1370163,89
922,1264,37.53858185,127.12280273,32
923,1265,37.48598862,127.12476349,84
924,1266,37.47880936,127.12000275,89
925,1267,37.51424026,127.12306976,60
926,1268,37.51728821,127.11419678,21
927,1269,37.51194382,127.09121704,61
928,1271,37.49998474,127.13539124,10
929,1275,37.50458908,127.13936615,10
930,1277,37.50375748,127.13709259,10
931,1278,37.51583099,127.10679626,21
932,1279,37.49751663,127.15467834,60
933,1280,37.49565887,127.15717316,60
934,1282,37.49987411,127.14147949,10
935,1283,37.50541306,127.13169098,10
936,1285,37.4774704,127.14459229,89
937,1286,37.47437668,127.14067078,89
938,1287,37.47753143,127.14151764,89
939,1288,37.48799896,127.13108826,84
940,1289,37.53147125,127.11109161,56
941,1290,37.47465897,127.1377182,89
942,1291,37.52193832,127.13186646,60
943,1293,37.50656128,127.09655762,21
944,1295,37.51396179,127.10030365,21
945,1296,37.50867844,127.1034317,21
946,1297,37.50920105,127.10411835,21
947,1299,37.51987839,127.13671112,60
948,1300,37.50693893,127.13922119,10
949,1302,37.58876419,127.00630951,54
950,1303,37.59169388,127.01249695,54
951,1304,37.59440231,126.99230957,74
952,1305,37.58932877,127.01643372,54
953,1306,37.58844757,127.00670624,54
954,1308,37.58259201,127.02897644,37
955,1314,37.60243988,127.01168823,54
956,1315,37.60776138,127.00328064,74
957,1316,37.60726166,127.00283813,74
958,1318,37.60308456,127.0247879,47
959,1320,37.59928513,127.03462219,47
960,1321,37.59328842,127.03666687,47
961,1322,37.59806824,127.03927612,47
962,1323,37.60043335,127.04020691,47
963,1325,37.60580826,127.04773712,47
964,1326,37.60606766,127.0473175,47
965,1327,37.60734177,127.05068207,47
966,1328,37.6026268,127.04163361,47
967,1332,37.61355591,127.06609344,33
968,1333,37.61052322,127.05979919,88
969,1334,37.61299896,127.06130981,33
970,1336,37.59125137,127.01400757,54
971,1337,37.59038162,127.01713562,54
972,1338,37.5868988,127.02075195,54
973,1339,37.610569,127.0335083,30
974,1340,37.61784363,127.05500031,33
975,1342,37.59261703,126.99793243,74
976,1343,37.58924866,127.00737762,54
977,1344,37.60028839,127.01370239,54
978,1346,37.60897827,127.02024841,88
979,1347,37.60710526,127.02149963,88
980,1348,37.60475159,127.02275848,88
981,1349,37.62382889,127.05020142,33
982,1351,37.5794487,127.02419281,37
983,1352,37.58388138,127.01709747,54
984,1353,37.60083008,127.02355194,88
985,1354,37.5907135,127.03619385,47
986,1355,37.58869934,127.01891327,54
987,1357,37.61207199,127.00813293,88
988,1358,37.60478973,127.01058197,74
989,1359,37.61980057,127.04509735,30
990,1360,37.60309601,127.01350403,74
991,1361,37.5928421,127.00212097,54
992,1362,37.58509827,127.01967621,54
993,1363,37.58375168,127.02194977,83
994,1364,37.59017181,127.00408936,54
995,1365,37.5933609,126.9990921,74
996,1366,37.59972,127.04038239,47
997,1367,37.60404587,127.0226593,88
998,1368,37.59148026,127.02010345,54
999,1369,37.60913086,127.0300293,30
1000,1370,37.59453964,126.99520874,74
1001,1372,37.58644485,127.03160095,37
1002,1373,37.60229111,127.03897858,47
1003,1375,37.60390854,127.0373764,47
1004,1376,37.59732056,127.04380798,47
1005,1377,37.60395813,127.04534149,47
1006,1379,37.60935974,127.01817322,88
1007,1380,37.60108566,127.04123688,47
1008,1381,37.61478424,127.06700134,33
1009,1382,37.60843277,127.03632355,30
1010,1384,37.59282684,127.01628876,54
1011,1385,37.59236526,127.01628876,54
1012,1386,37.59415817,127.01896667,54
1013,1388,37.59088135,127.01170349,54
1014,1390,37.60646057,127.06162262,88
1015,1391,37.61707306,127.0562439,33
1016,1392,37.5970993,127.02262878,88
1017,1393,37.59802628,127.02140808,54
1018,1394,37.60241699,127.01971436,88
1019,1395,37.61817932,127.05183411,33
1020,1396,37.61844254,127.05145264,33
1021,1397,37.61210251,127.03659058,30
1022,1401,37.61473846,127.07636261,62
1023,1402,37.60007095,127.10233307,39
1024,1403,37.59424973,127.07657623,81
1025,1404,37.59529877,127.08003235,62
1026,1405,37.59909821,127.09294891,39
1027,1406,37.60625076,127.10826874,39
1028,1407,37.61151123,127.07788849,62
1029,1408,37.61072159,127.0774765,62
1030,1410,37.57778168,127.09018707,66
1031,1411,37.59254074,127.08673859,81
1032,1412,37.59096146,127.08706665,81
1033,1413,37.61756134,127.09030914,39
1034,1414,37.58164597,127.08843231,81
1035,1418,37.61743927,127.10901642,39
1036,1420,37.61423111,127.09676361,39
1037,1421,37.61246109,127.1033783,39
1038,1422,37.62009811,127.10646057,39
1039,1424,37.6063118,127.10774231,39
1040,1425,37.58745956,127.09597015,81
1041,1426,37.57358932,127.08682251,19
1042,1427,37.57429886,127.08691406,19
1043,1428,37.61602402,127.08596802,62
1044,1429,37.59995651,127.08000183,62
1045,1430,37.60615158,127.09259796,39
1046,1431,37.60649872,127.09545135,39
1047,1433,37.60207748,127.07958221,62
1048,1434,37.57986832,127.08236694,66
1049,1435,37.60868073,127.10079193,39
1050,1436,37.60588074,127.10063171,39
1051,1437,37.5834198,127.07992554,81
1052,1438,37.61616898,127.09348297,39
1053,1440,37.58637238,127.0800705,81
1054,1441,37.61671066,127.11073303,39
1055,1442,37.59859085,127.07981873,62
1056,1443,37.59552002,127.09877777,39
1057,1444,37.57402802,127.08054352,19
1058,1445,37.5799408,127.07939911,81
1059,1446,37.59130096,127.0803299,81
1060,1447,37.58890152,127.08728027,81
1061,1448,37.59732056,127.08979797,81
1062,1449,37.59655762,127.08583832,81
1063,1450,37.61963654,127.08504486,7
1064,1451,37.59275818,127.07266998,90
1065,1452,37.58565521,127.07505035,81
1066,1453,37.60460281,127.10925293,39
1067,1454,37.6073494,127.07859039,62
1068,1455,37.59632874,127.08589935,81
1069,1456,37.59511185,127.10032654,39
1070,1457,37.58975983,127.09323883,81
1071,1458,37.59733963,127.09308624,39
1072,1459,37.58034897,127.09265137,66
1073,1461,37.593853,127.07507324,81
1074,1462,37.59386826,127.07652283,81
1075,1463,37.57407761,127.08500671,19
1076,1464,37.60305405,127.07900238,62
1077,1465,37.61314774,127.10514832,39
1078,1466,37.61882401,127.08757019,62
1079,1467,37.61362076,127.10115051,39
1080,1468,37.6114769,127.07739258,62
1081,1469,37.60982132,127.07813263,62
1082,1470,37.60520172,127.07858276,62
1083,1471,37.61535263,127.07849121,62
1084,1472,37.60408401,127.07923126,62
1085,1473,37.59489059,127.07495117,81
1086,1474,37.59581375,127.08283997,62
1087,1477,37.57598495,127.0796051,66
1088,1478,37.59788513,127.09126282,81
1089,1479,37.58105469,127.08209229,81
1090,1480,37.58111191,127.08010101,81
1091,1501,37.62607956,127.02648163,30
1092,1503,37.63927841,127.02675629,58
1093,1504,37.62415695,127.01862335,71
1094,1506,37.64032745,127.01335907,58
1095,1509,37.63437653,127.03575134,71
1096,1510,37.63371658,127.03551483,88
1097,1511,37.63112259,127.03603363,30
1098,1512,37.64473724,127.02656555,58
1099,1513,37.63967133,127.02519989,58
1100,1514,37.63880539,127.02835846,58
1101,1515,37.61828613,127.02404785,30
1102,1516,37.63870621,127.01590729,58
1103,1518,37.64308548,127.01616669,58
1104,1519,37.64545059,127.01561737,58
1105,1520,37.63986206,127.022789,58
1106,1522,37.65447235,127.01275635,71
1107,1525,37.62714005,127.02669525,30
1108,1526,37.64173889,127.02462769,58
1109,1527,37.62733459,127.02605438,30
1110,1528,37.61503601,127.02069855,88
1111,1529,37.63018036,127.02490997,71
1112,1530,37.64355087,127.0223465,58
1113,1531,37.61395645,127.03025055,30
1114,1532,37.62635422,127.0474472,30
1115,1533,37.62991714,127.04091644,30
1116,1534,37.61963654,127.04453278,30
1117,1535,37.6362915,127.02337646,58
1118,1536,37.63626099,127.03217316,58
1119,1537,37.66366577,127.01242828,71
1120,1538,37.65615845,127.01313782,71
1121,1539,37.64967346,127.01345062,71
1122,1540,37.64167023,127.01688385,58
1123,1541,37.62652969,127.01805878,71
1124,1542,37.62155151,127.02037048,88
1125,1543,37.63018799,127.01773834,71
1126,1545,37.6203804,127.0136795,88
1127,1546,37.61545944,127.02970123,30
1128,1547,37.6186409,127.03623962,30
1129,1548,37.62268829,127.03781128,30
1130,1550,37.61522293,127.01850891,88
1131,1551,37.64686203,127.00881195,71
1132,1552,37.63920212,127.02723694,58
1133,1553,37.63520432,127.03396606,71
1134,1554,37.63539124,127.03455353,71
1135,1557,37.63238144,127.03930664,88
1136,1558,37.62552643,127.037323,30
1137,1560,37.6198082,127.02852631,30
1138,1564,37.64959717,127.01384735,71
1139,1565,37.63561249,127.022995,58
1140,1566,37.61651611,127.01837158,88
1141,1568,37.64793396,127.01457214,71
1142,1569,37.63796997,127.02590179,58
1143,1571,37.62673187,127.03877258,30
1144,1572,37.66446304,127.01184082,71
1145,1573,37.61666489,127.02210999,88
1146,1574,37.61669922,127.03049469,30
1147,1601,37.61529922,127.06446838,33
1148,1602,37.62266159,127.06189728,33
1149,1603,37.62485886,127.05014038,33
1150,1605,37.63162231,127.06161499,33
1151,1606,37.61917114,127.07492828,7
1152,1608,37.62661362,127.07275391,7
1153,1610,37.62036896,127.08364105,7
1154,1611,37.62994003,127.07655334,7
1155,1616,37.63510895,127.06832886,7
1156,1617,37.63714981,127.06327057,33
1157,1619,37.64902115,127.07640839,90
1158,1620,37.64820862,127.07022095,18
1159,1625,37.65999985,127.07296753,90
1160,1628,37.67361832,127.05525208,14
1161,1630,37.67625046,127.05550385,14
1162,1634,37.66907883,127.07759094,52
1163,1635,37.67271042,127.0831604,90
1164,1636,37.64921188,127.06176758,18
1165,1637,37.65470123,127.06340027,18
1166,1639,37.68031311,127.05506897,14
1167,1640,37.62386322,127.06848907,7
1168,1641,37.62155533,127.06951141,7
1169,1642,37.62531662,127.08813477,7
1170,1643,37.61736679,127.07521057,7
1171,1646,37.63848877,127.10790253,90
1172,1650,37.63957977,127.06510162,18
1173,1651,37.67237473,127.05599213,14
1174,1652,37.68000031,127.05558014,14
1175,1653,37.65620041,127.06362152,18
1176,1654,37.66379166,127.07544708,90
1177,1655,37.63111115,127.07015991,7
1178,1656,37.65501785,127.06750488,18
1179,1657,37.65404892,127.05732727,3
1180,1659,37.65032959,127.07160187,18
1181,1660,37.64207077,127.07662201,7
1182,1661,37.64963913,127.06560516,18
1183,1662,37.65411377,127.0591507,18
1184,1663,37.61938095,127.0578537,33
1185,1664,37.64936066,127.0704422,18
1186,1665,37.64733505,127.07642365,90
1187,1666,37.65578079,127.07177734,18
1188,1667,37.65449905,127.0743866,18
1189,1668,37.64550781,127.06325531,18
1190,1669,37.64352798,127.06522369,18
1191,1670,37.64340973,127.07183838,18
1192,1671,37.62934875,127.05482483,33
1193,1672,37.68859863,127.05340576,14
1194,1673,37.65397644,127.06097412,18
1195,1674,37.65354919,127.05808258,3
1196,1675,37.62694168,127.05513,33
1197,1677,37.62316513,127.09049988,90
1198,1678,37.6484375,127.0644455,18
1199,1679,37.6428299,127.10666656,90
1200,1680,37.64265442,127.10838318,90
1201,1681,37.64580154,127.08226013,90
1202,1682,37.65679932,127.0776062,90
1203,1683,37.65045929,127.08088684,90
1204,1684,37.61832047,127.07563019,7
1205,1685,37.64818954,127.08048248,90
1206,1686,37.66114044,127.05805206,52
1207,1688,37.66566086,127.05729675,14
1208,1689,37.66524887,127.05789185,14
1209,1690,37.6577301,127.05931091,18
1210,1691,37.66070938,127.06533051,52
1211,1692,37.66418839,127.06600952,52
1212,1693,37.62818909,127.08210754,7
1213,1695,37.62322235,127.06702423,7
1214,1696,37.68645096,127.05283356,14
1215,1697,37.65024948,127.05715179,3
1216,1700,37.66521454,127.06613922,52
1217,1702,37.64617157,127.05056,3
1218,1703,37.68972015,127.04519653,52
1219,1705,37.66922379,127.04651642,14
1220,1706,37.66566467,127.0426712,52
1221,1707,37.65446091,127.03851318,3
1222,1708,37.65682983,127.03984833,3
1223,1709,37.65012741,127.03534698,71
1224,1713,37.65165329,127.02848816,58
1225,1714,37.64463043,127.04460907,3
1226,1715,37.65317917,127.01278687,71
1227,1716,37.65420151,127.05072784,3
1228,1717,37.65570831,127.05010223,3
1229,1719,37.67328262,127.04399109,14
1230,1720,37.66867065,127.04798126,14
1231,1721,37.65301514,127.04699707,3
1232,1722,37.65779877,127.05004883,3
1233,1723,37.66207886,127.02771759,52
1234,1725,37.6475029,127.04331207,3
1235,1726,37.65858841,127.03520966,52
1236,1727,37.67867661,127.04076385,52
1237,1728,37.67766571,127.04624176,14
1238,1729,37.68400955,127.04579163,14
1239,1730,37.68759155,127.04550171,52
1240,1731,37.6876297,127.04221344,52
1241,1732,37.66759872,127.04299927,52
1242,1733,37.66297913,127.04193878,3
1243,1734,37.65814972,127.03266907,52
1244,1735,37.67911911,127.04498291,14
1245,1736,37.65224075,127.0370636,3
1246,1737,37.63970184,127.03883362,88
1247,1738,37.6463089,127.052742,3
1248,1741,37.64519882,127.03298187,58
1249,1742,37.64889145,127.02301788,58
1250,1743,37.65039062,127.05219269,3
1251,1744,37.66527176,127.04314423,52
1252,1746,37.66623306,127.0433197,52
1253,1748,37.66898346,127.04376221,14
1254,1749,37.66627121,127.04598999,14
1255,1750,37.68826675,127.04889679,14
1256,1751,37.6521225,127.04170227,3
1257,1752,37.64548111,127.04857635,3
1258,1754,37.64689636,127.03343201,58
1259,1756,37.6514473,127.04470825,3
1260,1757,37.65568542,127.01338196,71
1261,1758,37.65727997,127.0137558,71
1262,1759,37.67721939,127.04863739,14
1263,1761,37.66562271,127.03108978,52
1264,1762,37.65533829,127.04241943,3
1265,1765,37.64966965,127.03561401,71
1266,1767,37.66250992,127.03327942,52
1267,1768,37.66205215,127.02875519,52
1268,1770,37.68523407,127.04985809,14
1269,1771,37.65796661,127.03009033,52
1270,1772,37.65805054,127.03575897,52
1271,1774,37.65134811,127.034729,71
1272,1775,37.65128708,127.04554749,3
1273,1805,37.48228836,126.87776947,79
1274,1806,37.48621368,126.87863922,79
1275,1808,37.47320938,126.8849411,57
1276,1809,37.47077942,126.88515472,57
1277,1812,37.47903061,126.88729858,57
1278,1814,37.47422028,126.89412689,49
1279,1816,37.44686127,126.90383148,91
1280,1819,37.45647812,126.89592743,79
1281,1820,37.4433403,126.90335846,91
1282,1821,37.45145798,126.90211487,91
1283,1822,37.45299149,126.90090942,79
1284,1823,37.4589119,126.89859009,57
1285,1824,37.46455002,126.88372803,57
1286,1825,37.45470047,126.89105225,79
1287,1826,37.45684052,126.88834381,79
1288,1827,37.45672607,126.89306641,57
1289,1828,37.47531891,126.89888763,49
1290,1829,37.4691391,126.89720154,49
1291,1830,37.4702301,126.89507294,57
1292,1831,37.47249985,126.89795685,49
1293,1833,37.46654129,126.89028168,57
1294,1834,37.47908401,126.87904358,79
1295,1835,37.47706985,126.88442993,57
1296,1836,37.46740341,126.90814209,49
1297,1839,37.47705841,126.88518524,57
1298,1840,37.47510147,126.88806915,57
1299,1841,37.4769516,126.89186859,57
1300,1842,37.46257401,126.90686035,79
1301,1843,37.47709656,126.91113281,49
1302,1845,37.460289,126.89218903,57
1303,1846,37.46017075,126.89604187,57
1304,1847,37.46103287,126.88710022,57
1305,1848,37.4762764,126.88539124,57
1306,1849,37.48135376,126.88694,79
1307,1850,37.48015976,126.8863678,57
1308,1851,37.48123169,126.88148499,79
1309,1852,37.45177078,126.91339874,64
1310,1853,37.47248077,126.89586639,49
1311,1854,37.47817993,126.89740753,49
1312,1855,37.45132065,126.89762115,79
1313,1856,37.47840881,126.90737152,49
1314,1858,37.43727112,126.90268707,91
1315,1859,37.4679985,126.88684082,57
1316,1861,37.4369812,126.90329742,91
1317,1862,37.46134567,126.89758301,57
1318,1863,37.46053696,126.89860535,57
1319,1864,37.45652008,126.89955139,79
1320,1865,37.45633316,126.89645386,79
1321,1866,37.45777893,126.88942719,79
1322,1867,37.48088837,126.88380432,79
1323,1868,37.44785309,126.90288544,91
1324,1869,37.45901871,126.89671326,57
1325,1870,37.47507095,126.90335846,49
1326,1901,37.50733185,126.87973022,77
1327,1904,37.51424026,126.88287354,59
1328,1906,37.50971985,126.89009857,59
1329,1908,37.49528503,126.87216187,77
1330,1910,37.49750519,126.88437653,45
1331,1911,37.48493958,126.90132141,45
1332,1912,37.48880005,126.89066315,45
1333,1913,37.49103165,126.89215088,45
1334,1914,37.49440384,126.89444733,45
1335,1916,37.49414062,126.88998413,45
1336,1920,37.50437927,126.88829803,45
1337,1924,37.47874069,126.89509583,49
1338,1925,37.49988937,126.86769867,77
1339,1928,37.49946976,126.86840057,77
1340,1929,37.50513458,126.85276031,35
1341,1930,37.49768448,126.85372925,40
1342,1931,37.49499512,126.85825348,40
1343,1933,37.50170517,126.84728241,35
1344,1936,37.49428177,126.85921478,40
1345,1937,37.4860611,126.85201263,40
1346,1941,37.49393845,126.84405518,24
1347,1943,37.49279022,126.82452393,24
1348,1946,37.50311661,126.88038635,77
1349,1951,37.48028946,126.83950043,24
1350,1952,37.48210526,126.84572601,24
1351,1953,37.48638535,126.83921051,24
1352,1955,37.48288345,126.90103912,45
1353,1956,37.51000977,126.88204956,59
1354,1957,37.49340057,126.87432861,77
1355,1958,37.49578094,126.89012146,45
1356,1959,37.49645615,126.8895874,45
1357,1960,37.50284958,126.88948059,45
1358,1961,37.50819397,126.89130402,59
1359,1962,37.48160172,126.89279938,45
1360,1964,37.49789047,126.86450195,40
1361,1965,37.49723053,126.85919189,40
1362,1966,37.49649811,126.86309814,40
1363,1967,37.5051384,126.84433746,35
1364,1968,37.49848175,126.84750366,35
1365,1969,37.50190353,126.82896423,24
1366,1971,37.49072266,126.82639313,24
1367,1973,37.48859787,126.83649445,24
1368,1974,37.50518036,126.88253784,77
1369,1975,37.49256516,126.8947525,45
1370,1976,37.48567963,126.88670349,45
1371,1977,37.48620987,126.83882141,24
1372,1979,37.4920311,126.87377167,77
1373,1981,37.47943115,126.84269714,24
1374,1983,37.50254822,126.88388062,45
1375,1984,37.49526596,126.88847351,45
1376,1985,37.49851608,126.89199066,45
1377,1986,37.48485947,126.89518738,45
1378,1987,37.49034119,126.8609314,40
1379,1988,37.50605011,126.86078644,40
1380,1991,37.49676132,126.84496307,24
1381,1992,37.4917984,126.83242035,24
1382,1993,37.48937988,126.834198,24
1383,1994,37.49699783,126.8717804,77
1384,1996,37.49539948,126.87100983,77
1385,1998,37.49856949,126.871521,77
1386,1999,37.49525833,126.83065796,24
1387,2000,37.5123291,126.88683319,59
1388,2002,37.51284409,126.95246887,65
1389,2003,37.51335907,126.94805908,65
1390,2007,37.51293945,126.93424225,65
1391,2008,37.5093689,126.92807007,9
1392,2009,37.50007629,126.92108154,9
1393,2012,37.48836136,126.90622711,45
1394,2013,37.50585175,126.93936157,65
1395,2015,37.49985504,126.92956543,9
1396,2016,37.49964523,126.92709351,9
1397,2020,37.50449753,126.93898773,9
1398,2024,37.50217819,126.94820404,65
1399,2025,37.50938034,126.96361542,22
1400,2026,37.50858688,126.96349335,22
1401,2027,37.50704193,126.95915222,65
1402,2032,37.48550797,126.98162079,73
1403,2033,37.48149109,126.98158264,76
1404,2034,37.47689056,126.98057556,76
1405,2036,37.4947052,126.98239136,73
1406,2037,37.50318909,126.97714996,76
1407,2038,37.50318146,126.97608948,76
1408,2040,37.5063591,126.96907806,76
1409,2041,37.48683548,126.9680481,76
1410,2048,37.48907852,126.97356415,76
1411,2050,37.51324844,126.93997192,65
1412,2054,37.51054764,126.94484711,65
1413,2056,37.49449921,126.91652679,9
1414,2057,37.5008812,126.94174957,65
1415,2058,37.5135231,126.94352722,65
1416,2059,37.49707794,126.91779327,9
1417,2060,37.48463058,126.97154999,76
1418,2061,37.50592804,126.96923065,76
1419,2062,37.48665237,126.9678421,76
1420,2063,37.51290131,126.92661285,9
1421,2064,37.50535583,126.96617889,76
1422,2065,37.51198959,126.92708588,9
1423,2066,37.48939896,126.90711212,49
1424,2067,37.49766922,126.91986847,9
1425,2068,37.48815918,126.96647644,76
1426,2069,37.4966011,126.95368195,65
1427,2070,37.51391983,126.94306946,65
1428,2071,37.48886871,126.97190857,76
1429,2076,37.51357651,126.95555115,22
1430,2077,37.51193619,126.9541626,65
1431,2078,37.51083755,126.96163177,22
1432,2079,37.50667191,126.95777893,65
1433,2080,37.51213455,126.92543793,9
1434,2081,37.51306152,126.92951202,5
1435,2082,37.4846077,126.98179626,73
1436,2083,37.50470352,126.96073151,65
1437,2084,37.50456238,126.94678497,65
1438,2085,37.50274277,126.92157745,9
1439,2086,37.48712158,126.9743576,76
1440,2088,37.50024796,126.94972992,65
1441,2089,37.4791069,126.98150635,76
1442,2090,37.48377991,126.97792053,76
1443,2091,37.48470306,126.98059082,76
1444,2092,37.50311279,126.96471405,76
1445,2093,37.50321198,126.95459747,65
1446,2094,37.49550629,126.95637512,76
1447,2095,37.49150085,126.98240662,73
1448,2096,37.50253296,126.94064331,65
1449,2102,37.48423004,126.9263916,64
1450,2103,37.4891777,126.91927338,9
1451,2104,37.47608948,126.98133087,85
1452,2105,37.48025131,126.91460419,49
1453,2106,37.47372818,126.91840363,49
1454,2107,37.4754715,126.93645477,64
1455,2108,37.48334122,126.94319916,91
1456,2109,37.48622513,126.93582916,91
1457,2111,37.48086929,126.95331573,48
1458,2112,37.4813385,126.95064545,48
1459,2113,37.4846611,126.90390015,49
1460,2115,37.47991562,126.90283966,49
1461,2116,37.48170471,126.95082855,48
1462,2119,37.48425674,126.95469666,48
1463,2122,37.47805786,126.960495,48
1464,2127,37.46488571,126.91947937,64
1465,2128,37.47916412,126.95258331,48
1466,2129,37.46905518,126.95814514,48
1467,2130,37.47198868,126.95842743,48
1468,2135,37.48440933,126.9289093,64
1469,2136,37.48450851,126.93006897,64
1470,2137,37.48490143,126.93653107,91
1471,2139,37.4711647,126.93701935,64
1472,2140,37.47842789,126.93186188,64
1473,2141,37.47229385,126.93341064,64
1474,2143,37.4706955,126.94219971,64
1475,2144,37.47777557,126.91675568,49
1476,2145,37.48635864,126.9429245,85
1477,2148,37.47702789,126.96339417,48
1478,2156,37.48072052,126.90932465,49
1479,2159,37.47509003,126.95922852,48
1480,2164,37.48476791,126.93287659,64
1481,2165,37.47648239,126.96536255,48
1482,2167,37.47629547,126.96495819,48
1483,2169,37.48218918,126.94213104,64
1484,2170,37.48152924,126.91203308,49
1485,2171,37.48154831,126.95200348,48
1486,2172,37.46940613,126.94451141,64
1487,2173,37.48974991,126.92746735,9
1488,2174,37.48856354,126.92848206,9
1489,2175,37.48730087,126.92870331,9
1490,2176,37.48899078,126.91638184,49
1491,2177,37.48712921,126.91301727,49
1492,2178,37.46681976,126.94880676,48
1493,2179,37.48218918,126.94615936,85
1494,2183,37.47182846,126.93392181,64
1495,2184,37.48949051,126.94592285,85
1496,2185,37.47046661,126.93865204,64
1497,2186,37.4788208,126.95960999,48
1498,2187,37.4867363,126.9475174,85
1499,2189,37.48275375,126.94140625,64
1500,2190,37.48368835,126.93915558,91
1501,2191,37.47068787,126.93648529,64
1502,2195,37.48464584,126.93450928,64
1503,2196,37.4833107,126.93902588,64
1504,2198,37.47946548,126.95693207,48
1505,2199,37.47877121,126.95869446,48
1506,2200,37.46856689,126.94675446,48
1507,2201,37.4532814,127.05148315,0
1508,2202,37.44893646,127.05437469,0
1509,2203,37.44765854,127.05501556,0
1510,2205,37.45375061,127.05937958,0
1511,2206,37.45435715,127.06210327,0
1512,2207,37.45440674,127.06492615,0
1513,2210,37.50509644,127.0131073,1
1514,2211,37.50263596,127.01231384,1
1515,2212,37.50065231,127.01861572,1
1516,2213,37.5022316,127.0022583,1
1517,2214,37.50411606,126.99748993,1
1518,2215,37.5017128,126.99547577,1
1519,2217,37.51304626,127.00595856,1
1520,2219,37.50619888,127.0039444,1
1521,2220,37.50061417,126.98616028,85
1522,2221,37.48561096,126.99468231,73
1523,2222,37.47806931,126.98203278,76
1524,2223,37.47261047,126.98300934,85
1525,2225,37.4737587,126.99524689,85
1526,2226,37.47518158,127.00138855,67
1527,2227,37.48905182,126.99252319,73
1528,2228,37.48958588,126.98672485,73
1529,2229,37.48701096,126.98496246,73
1530,2230,37.4858284,126.98262787,73
1531,2231,37.49691391,127.02496338,16
1532,2233,37.49111176,127.02295685,55
1533,2235,37.48215866,127.00270081,67
1534,2237,37.48455811,127.01486969,67
1535,2239,37.49421692,127.01378632,67
1536,2241,37.48537827,127.04170227,55
1537,2242,37.48398972,127.03417969,55
1538,2243,37.48149109,127.03672791,55
1539,2245,37.47361374,127.03050995,55
1540,2246,37.46920013,127.02900696,67
1541,2247,37.46263885,127.02661896,67
1542,2248,37.45995331,127.02474213,67
1543,2249,37.45623398,127.01934814,67
1544,2250,37.4557991,127.01628876,67
1545,2251,37.46750641,127.03447723,63
1546,2252,37.46332169,127.03604126,63
1547,2255,37.47043991,127.03885651,63
1548,2256,37.46768951,127.0403595,63
1549,2257,37.46268845,127.04611206,0
1550,2258,37.47153854,127.05059052,0
1551,2259,37.51298904,127.01117706,1
1552,2263,37.47192764,127.02684021,55
1553,2264,37.48855591,126.98257446,73
1554,2265,37.49474335,126.98306274,73
1555,2266,37.49053955,127.00816345,67
1556,2268,37.50231934,127.0222702,85
1557,2269,37.51034927,127.01605225,1
1558,2270,37.44896698,127.05773926,0
1559,2271,37.48786545,126.99429321,73
1560,2272,37.4873085,127.01058197,67
1561,2273,37.47782898,127.03826904,55
1562,2274,37.46965027,127.03961182,63
1563,2275,37.46157837,127.04879761,0
1564,2276,37.47438812,127.03890228,55
1565,2277,37.51486969,127.01528168,1
1566,2279,37.49361801,127.01418304,67
1567,2280,37.48416138,127.01097107,67
1568,2281,37.47597885,126.98628235,85
1569,2282,37.47720337,127.00583649,67
1570,2283,37.48652649,126.98916626,73
1571,2284,37.4681015,126.98680115,91
1572,2285,37.45742416,127.02265167,67
1573,2286,37.4585495,127.05588531,0
1574,2287,37.45561981,127.06710052,0
1575,2288,37.45560837,127.06445312,0
1576,2289,37.46429825,126.98852539,91
1577,2292,37.4882431,127.02701569,55
1578,2293,37.48479843,127.03699493,55
1579,2294,37.47590637,127.04624176,55
1580,2297,37.485672,127.01592255,67
1581,2298,37.50241089,127.02160645,85
1582,2299,37.48646927,127.02806091,55
1583,2301,37.52407074,127.02178955,20
1584,2302,37.5055809,127.02427673,20
1585,2303,37.51151657,127.02147675,1
1586,2304,37.51252747,127.03583527,20
1587,2305,37.52064133,127.03450775,20
1588,2306,37.5271225,127.02871704,20
1589,2307,37.52838135,127.03901672,83
1590,2308,37.52930069,127.03559875,20
1591,2309,37.51890182,127.04938507,82
1592,2310,37.52361298,127.04017639,20
1593,2311,37.51777267,127.04302216,82
1594,2312,37.52058029,127.05632782,82
1595,2313,37.52511597,127.05246735,82
1596,2314,37.52127457,127.06103516,82
1597,2315,37.51424789,127.06111908,82
1598,2316,37.50957489,127.0634079,82
1599,2317,37.51588821,127.06620026,66
1600,2318,37.51357651,127.05503082,82
1601,2319,37.50660706,127.05467987,82
1602,2320,37.4919281,127.05696869,63
1603,2321,37.49611664,127.06944275,95
1604,2322,37.50809097,127.06310272,82
1605,2323,37.50221252,127.06720734,95
1606,2324,37.50043869,127.06622314,95
1607,2325,37.4986496,127.05931854,95
1608,2326,37.50239563,127.05879974,95
1609,2327,37.49055099,127.03146362,16
1610,2328,37.50358582,127.04264069,16
1611,2329,37.50235748,127.04319,16
1612,2330,37.49219894,127.03945923,16
1613,2331,37.49805069,127.04460144,16
1614,2332,37.50420761,127.04896545,82
1615,2333,37.48515701,127.03407288,55
1616,2334,37.49375916,127.04589844,16
1617,2336,37.49423599,127.04746246,63
1618,2337,37.49207687,127.07197571,95
1619,2339,37.48326111,127.0522995,63
1620,2340,37.47750854,127.04517365,55
1621,2341,37.4833107,127.08493805,
1622,2342,37.49400711,127.07951355,61
1623,2343,37.46531677,127.10772705,95
1624,2344,37.46506119,127.10119629,0
1625,2347,37.51863861,127.03540039,20
1626,2348,37.50723267,127.05685425,82
1627,2349,37.50154495,127.03856659,16
1628,2350,37.49482346,127.04790497,63
1629,2351,37.48387909,127.0890274,
1630,2352,37.51758957,127.03502655,20
1631,2353,37.51681137,127.04047394,20
1632,2354,37.51978683,127.0567627,82
1633,2355,37.50912094,127.06230927,82
1634,2356,37.51807022,127.04711914,82
1635,2357,37.50194931,127.04277039,16
1636,2358,37.48138428,127.05391693,63
1637,2359,37.47560501,127.05037689,63
1638,2360,37.4928093,127.04138947,16
1639,2361,37.52684402,127.02825928,20
1640,2362,37.51763535,127.02245331,20
1641,2363,37.51913834,127.02751923,20
1642,2364,37.52124023,127.0318985,20
1643,2365,37.52330017,127.03847504,20
1644,2368,37.48934174,127.04129791,55
1645,2369,37.50542831,127.0528717,82
1646,2370,37.49655151,127.0542984,95
1647,2371,37.51474762,127.03513336,20
1648,2372,37.49449921,127.063797,95
1649,2373,37.48927689,127.06557465,95
1650,2375,37.48735046,127.10099792,
1651,2376,37.48677826,127.10051727,
1652,2377,37.48683548,127.10275269,
1653,2380,37.51169586,127.04934692,82
1654,2381,37.50636673,127.03452301,16
1655,2382,37.50134277,127.05046844,95
1656,2383,37.46632767,127.09488678,0
1657,2384,37.47602844,127.10594177,
1658,2385,37.51395035,127.03015137,20
1659,2386,37.50958633,127.04090881,16
1660,2387,37.47245407,127.09607697,
1661,2388,37.51678467,127.05161285,82
1662,2389,37.48616028,127.06723785,95
1663,2390,37.48088074,127.06304169,63
1664,2391,37.47598648,127.05962372,63
1665,2392,37.47457886,127.05545044,63
1666,2393,37.47200012,127.0513382,0
1667,2395,37.47929001,127.05573273,63
1668,2396,37.48574066,127.05104828,63
1669,2398,37.50811005,127.0394516,16
1670,2401,37.48656082,127.08267212,
1671,2403,37.48871994,127.07453918,95
1672,2404,37.49180984,127.07315826,95
1673,2405,37.51871109,127.05084991,82
1674,2406,37.5175705,127.02364349,20
1675,2407,37.49847031,127.03011322,16
1676,2408,37.4773407,127.11327362,
1677,2409,37.49206161,127.03074646,16
1678,2410,37.49959946,127.03375244,16
1679,2411,37.47296906,127.11222839,
1680,2412,37.49179077,127.08821106,61
1681,2413,37.49095917,127.05498505,63
1682,2414,37.48897171,127.05182648,63
1683,2415,37.49667358,127.05342865,95
1684,2416,37.4958992,127.05219269,95
1685,2417,37.50799942,127.04524994,16
1686,2418,37.51393509,127.05982208,82
1687,2419,37.51430893,127.05970001,82
1688,2420,37.49689484,127.07013702,95
1689,2421,37.504673,127.02579498,16
1690,2422,37.48416901,127.09484863,
1691,2423,37.4908371,127.08065033,61
1692,2425,37.46461868,127.10684967,
1693,2426,37.46829605,127.10469818,
1694,2427,37.48485184,127.0583725,63
1695,2428,37.48236847,127.06118774,63
1696,2429,37.52745438,127.04042816,83
1697,2430,37.50024414,127.03605652,16
1698,2431,37.49411774,127.06290436,95
1699,2501,37.45066071,127.05706024,0
1700,2502,37.49195099,127.00855255,85
1701,2503,37.50381088,127.0213623,1
1702,2504,37.51588058,127.01930237,20
1703,2505,37.49325943,127.02953339,16
1704,2506,37.47909164,126.99067688,73
1705,2508,37.48297882,127.04225922,55
1706,2509,37.49845505,126.99333954,73
1707,2510,37.48303986,127.02146149,55
1708,2511,37.48366165,126.98232269,73
1709,2514,37.50364304,127.01602173,1
1710,2515,37.49892807,127.02472687,16
1711,2516,37.45441818,127.052742,0
1712,2517,37.48768234,127.0247879,55
1713,2518,37.48731613,127.02489471,55
1714,2519,37.49100876,127.02352142,55
1715,2520,37.49619293,127.02101135,67
1716,2521,37.49556351,127.0191803,67
1717,2523,37.51019287,127.00725555,1
1718,2524,37.50735092,127.00801849,1
1719,2525,37.5056076,127.00215912,1
1720,2526,37.50478745,126.99992371,1
1721,2527,37.50296021,126.99359894,85
1722,2528,37.4937706,126.99006653,73
1723,2529,37.48991776,126.99208069,73
1724,2530,37.4977951,126.98706818,73
1725,2531,37.49420547,126.98935699,73
1726,2532,37.47820282,127.00878143,67
1727,2533,37.48087692,127.01452637,67
1728,2534,37.45563126,127.08097839,0
1729,2535,37.50362396,126.99732208,1
1730,2536,37.45924759,127.04163361,0
1731,2537,37.48257065,127.03643799,55
1732,2538,37.52026749,127.01525116,20
1733,2540,37.49905014,126.99625397,73
1734,2541,37.43097687,127.07033539,0
1735,2542,37.50508881,127.02391052,20
1736,2545,37.49721146,127.00427246,1
1737,2548,37.50847626,127.01676178,1
1738,2549,37.45924759,127.02390289,67
1739,2550,37.46738434,127.04145813,63
1740,2601,37.5067482,127.09883118,21
1741,2603,37.48080063,127.13034058,84
1742,2604,37.53131104,127.11128235,56
1743,2605,37.47129822,127.12709045,89
1744,2606,37.48173904,127.14322662,89
1745,2607,37.47064972,127.12711334,89
1746,2608,37.51435852,127.10619354,21
1747,2609,37.52048874,127.1352005,60
1748,2610,37.51045227,127.10640717,21
1749,2611,37.53633118,127.11618042,56
1750,2612,37.48907089,127.10929871,
1751,2613,37.51678085,127.09049225,61
1752,2614,37.50186157,127.11723328,
1753,2615,37.48834991,127.12078094,84
1754,2616,37.49704742,127.14035034,89
1755,2617,37.49618149,127.13803101,10
1756,2618,37.50471115,127.08756256,61
1757,2619,37.50233841,127.09644318,61
1758,2620,37.50997925,127.11231232,21
1759,2621,37.51665878,127.11625671,66
1760,2622,37.51625824,127.13059235,10
1761,2623,37.50362396,127.10355377,21
1762,2625,37.4955368,127.10720062,
1763,2626,37.49569321,127.12385559,84
1764,2627,37.4911232,127.13510895,84
1765,2628,37.48669815,127.12244415,84
1766,2629,37.48521805,127.11540222,84
1767,2630,37.50786591,127.11698914,21
1768,2631,37.49741364,127.09630585,61
1769,2632,37.50264359,127.09739685,61
1770,2633,37.47813034,127.1472168,89
1771,2634,37.477211,127.13717651,89
1772,2635,37.51129532,127.08673859,61
1773,2637,37.51146317,127.07881165,61
1774,2638,37.52681351,127.1181488,56
1775,2639,37.50550461,127.10657501,21
1776,2641,37.50004959,127.11151123,95
1777,2642,37.50149536,127.14778137,60
1778,2643,37.52516937,127.11715698,60
1779,2644,37.50166702,127.13774109,10
1780,2645,37.51621246,127.08434296,61
1781,2647,37.51156998,127.10107422,21
1782,2648,37.49469757,127.10464478,
1783,2649,37.50544357,127.13233185,10
1784,2650,37.47854996,127.13813782,89
1785,2651,37.49577332,127.12458038,84
1786,2652,37.50883102,127.13426208,10
1787,2653,37.51202011,127.12864685,10
1788,2654,37.50997543,127.13369751,10
1789,2655,37.50057983,127.11884308,84
1790,2656,37.52452469,127.11450958,60
1791,2657,37.47916031,127.13219452,89
1792,2658,37.49535751,127.11569214,84
1793,2659,37.49416733,127.10453033,
1794,2701,37.56520081,126.82731628,28
1795,2702,37.56917953,126.81944275,28
1796,2703,37.54748535,126.87202454,92
1797,2704,37.55833435,126.85406494,38
1798,2706,37.57631683,126.8164978,69
1799,2707,37.57036972,126.84441376,26
1800,2708,37.56468201,126.84890747,26
1801,2709,37.56458664,126.85691833,38
1802,2710,37.57131958,126.84166718,26
1803,2711,37.53736115,126.83744812,25
1804,2712,37.53835678,126.84236145,25
1805,2713,37.54853439,126.84667206,69
1806,2714,37.55335236,126.83104706,34
1807,2715,37.56692505,126.82743835,28
1808,2716,37.57094193,126.82831573,69
1809,2717,37.56133652,126.83390045,26
1810,2718,37.55524826,126.83229828,34
1811,2719,37.56121445,126.83031464,34
1812,2720,37.55965805,126.8296051,34
1813,2721,37.56320572,126.8393631,26
1814,2722,37.5610199,126.83887482,26
1815,2723,37.56089401,126.83669281,26
1816,2724,37.56866455,126.83879852,26
1817,2725,37.56929398,126.8361969,26
1818,2727,37.56408691,126.83084869,69
1819,2728,37.56580353,126.82807922,28
1820,2729,37.56948471,126.82809448,69
1821,2730,37.55912781,126.83495331,69
1822,2731,37.55524063,126.8347168,34
1823,2732,37.5553093,126.82985687,34
1824,2733,37.55854034,126.82010651,28
1825,2735,37.56229401,126.82395172,28
1826,2739,37.55363083,126.82861328,34
1827,2740,37.57297516,126.83244324,26
1828,2741,37.55061722,126.82688141,34
1829,2742,37.55940247,126.85044098,38
1830,2743,37.57204437,126.84400177,26
1831,2744,37.56231308,126.82125854,28
1832,2745,37.55312729,126.82374573,34
1833,2746,37.55134964,126.82493591,34
1834,2801,37.48437119,126.89542389,45
1835,2804,37.47737503,126.82001495,40
1836,2805,37.48250961,126.82575989,24
1837,2806,37.48259735,126.82645416,24
1838,2807,37.48062897,126.82181549,40
1839,2808,37.48080826,126.82190704,40
1840,2809,37.47790527,126.82311249,40
1841,2810,37.47793961,126.82327271,40
1842,2812,37.4798317,126.82275391,40
1843,2813,37.47937012,126.82546997,24
1844,2814,37.47934341,126.82563782,24
1845,2815,37.47601318,126.81645966,40
1846,2816,37.47473145,126.81700897,40
1847,2817,37.47989655,126.84037018,24
1848,2818,37.48223877,126.83853149,24
1849,2819,37.48366547,126.84161377,24
1850,2820,37.49396515,126.8530426,40
1851,2821,37.50119019,126.86353302,40
1852,2822,37.50452042,126.87055206,77
1853,2823,37.49981308,126.87431335,77
1854,2824,37.51006317,126.88956451,59
1855,2825,37.49545288,126.88039398,77
1856,2826,37.48864746,126.88047028,79
1857,2901,37.62981415,127.06650543,7
1858,2902,37.62862015,127.06690979,7
1859,2903,37.63372803,127.04436493,33
1860,2904,37.65050507,127.07398224,18
1861,2905,37.64816284,127.07898712,90
1862,2907,37.63074875,127.05310822,33
1863,2908,37.62000275,127.05856323,33
1864,2909,37.61545944,127.06745148,33
1865,2910,37.6220932,127.07442474,7
1866,2911,37.65924454,127.07220459,90
1867,2912,37.63815689,127.07326508,7
1868,2913,37.666996,127.05152893,14
1869,2915,37.63489914,127.07767487,7
1870,2917,37.62807083,127.04692078,33
1871,2919,37.63999557,127.0665741,7
1872,2920,37.65103531,127.06871033,18
1873,2921,37.64548874,127.06458282,18
1874,3002,37.5650444,126.9036026,11
1875,3003,37.54554749,126.95679474,50
1876,3005,37.56624603,126.90218353,11
1877,3006,37.57948685,126.88739014,41
1878,3007,37.58194733,126.89029694,41
1879,3008,37.57711411,126.89836121,11
1880,3009,37.55583954,126.92043304,68
1881,3010,37.5582962,126.92538452,80
1882,3011,37.55342865,126.93379211,80
1883,3100,37.55739594,126.9521637,78
1884,3101,37.57838058,126.93609619,75
1885,3102,37.56796646,126.93172455,75
1886,3103,37.58670044,126.94676971,75
1887,3104,37.55812836,126.95620728,27
1888,3105,37.5971489,126.93852997,75
1889,3106,37.57490921,126.92614746,31
1890,3107,37.5697403,126.93332672,75
1891,3109,37.59293365,126.94129181,75
1892,3110,37.58928299,126.93694305,75
1893,3111,37.58221054,126.95016479,27
1894,3112,37.57386017,126.95829773,27
1895,3113,37.57220459,126.95974731,27
1896,3114,37.56046295,126.96552277,23
1897,3115,37.56145477,126.95574951,27
1898,3116,37.55550385,126.93720245,80
1899,3117,37.56406784,126.94532776,93
1900,3119,37.56519699,126.92985535,75
1901,3120,37.56983566,126.91809082,31
1902,3121,37.57065201,126.91298676,68
1903,3122,37.5742836,126.90646362,11
1904,3123,37.5723877,126.91510773,31
1905,3124,37.57812119,126.92175293,31
1906,3125,37.57564163,126.92782593,31
1907,3126,37.58334351,126.92274475,31
1908,3127,37.58333588,126.93628693,75
1909,3128,37.5813179,126.93599701,75
1910,3129,37.57626343,126.91132355,31
1911,3130,37.57456207,126.91799164,31
1912,3131,37.57215881,126.92118835,31
1913,3132,37.59186172,126.94421387,75
1914,3133,37.55711365,126.94881439,93
1915,3134,37.56131744,126.96658325,23
1916,3201,37.53073502,126.89916992,42
1917,3202,37.52869034,126.903862,42
1918,3203,37.50611496,126.89859009,44
1919,3204,37.51124191,126.89818573,44
1920,3205,37.52046585,126.88481903,59
1921,3206,37.51707077,126.899086,59
1922,3207,37.52252579,126.88996887,59
1923,3212,37.50017166,126.91130829,44
1924,3214,37.51202393,126.90105438,44
1925,3215,37.52974319,126.90782928,42
1926,3219,37.5148735,126.90758514,44
1927,3220,37.50013733,126.91397858,9
1928,3221,37.51933289,126.89530182,59
1929,3305,37.47677612,126.96486664,48
1930,3306,37.46214676,126.93177795,64
1931,3307,37.4912262,126.95607758,76
1932,3310,37.47662735,126.94364166,64
1933,3311,37.48122025,126.95157623,48
1934,3401,37.57376099,127.0139389,17
1935,3402,37.57660675,127.00556946,51
1936,3403,37.5695076,126.9670105,23
1937,3404,37.57185364,127.00235748,51
1938,3405,37.57455063,126.97055054,27
1939,3406,37.57405853,126.97579956,93
1940,3407,37.57580566,126.98339081,93
1941,3408,37.57051086,126.98336792,72
1942,3410,37.5724678,126.99188995,72
1943,3411,37.5707016,126.99481201,72
1944,3412,37.5703125,126.99454498,72
1945,3413,37.57320023,126.99796295,51
1946,3414,37.57117462,127.00222778,51
1947,3415,37.57146072,127.01078796,17
1948,3416,37.5715332,127.01561737,17
1949,3417,37.57772446,127.01525116,17
1950,3418,37.57998657,127.01506042,74
1951,3419,37.58194733,126.99736786,51
1952,3420,37.58327484,126.99885559,51
1953,3421,37.58385468,127.00185394,51
1954,3422,37.58479691,126.99713135,74
1955,3423,37.57583618,127.00069427,51
1956,3425,37.57484818,126.96826935,27
1957,3426,37.57501602,126.95755005,27
1958,3427,37.57666779,126.95584869,27
1959,3428,37.59512711,126.96349335,93
1960,3429,37.59725952,126.96308899,93
1961,3430,37.60853958,126.95713806,94
1962,3431,37.60760117,126.95768738,94
1963,3432,37.56999207,126.98834229,72
1964,3501,37.53950119,127.08300018,2
1965,3502,37.56565857,127.08429718,19
1966,3503,37.55048752,127.10895538,56
1967,3504,37.53805161,127.07659912,2
1968,3505,37.5352211,127.06839752,66
1969,3506,37.53701401,127.06109619,66
1970,3507,37.54595184,127.07800293,2
1971,3508,37.54822159,127.06787872,15
1972,3509,37.55341721,127.07319641,15
1973,3510,37.56864929,127.08625031,19
1974,3511,37.55125046,127.03510284,8
1975,3513,37.56460953,127.02919769,8
1976,3514,37.56626129,127.0236969,6
1977,3515,37.54281616,127.04208374,36
1978,3516,37.54370499,127.09324646,19
1979,3517,37.5625267,127.08227539,19
1980,3518,37.55686188,127.07913971,19
1981,3520,37.54251862,127.08408356,2
1982,3521,37.54342651,127.09661865,66
1983,3523,37.54171753,127.08016968,2
1984,3524,37.55023575,127.07382202,15
1985,3525,37.54608917,127.02507019,53
1986,3527,37.56179047,127.02439117,6
1987,3528,37.55059814,127.11051178,56
1988,3529,37.54978943,127.07592773,15
1989,3530,37.56014633,127.02635956,6
1990,3531,37.55477905,127.02484131,6
1991,3532,37.56068039,127.02677917,6
1992,3533,37.53913879,127.07061768,15
1993,3534,37.54013824,127.06928253,15
1994,3535,37.55915833,127.08751678,19
1995,3536,37.53181076,127.08074188,2
1996,3537,37.54848862,127.09375763,19
1997,3538,37.55089188,127.04476166,36
1998,3539,37.56379318,127.13283539,12
1999,3541,37.54124832,127.06604004,15
2000,3542,37.54504013,127.08995819,2
2001,3543,37.55137253,127.07444,15
2002,3544,37.55453873,127.04377747,36
2003,3545,37.55657959,127.04335785,8
2004,3547,37.56438065,127.02886963,8
2005,3548,37.54695892,127.04766846,36
2006,3549,37.55514145,127.07110596,15
2007,3550,37.54404068,127.02320099,53
2008,3551,37.55979919,127.05632782,83
2009,3552,37.54195786,127.04277039,36
2010,3553,37.565979,127.04311371,8
2011,3555,37.56681824,127.02915192,8
2012,3556,37.55610657,127.01978302,6
2013,3557,37.55653,127.03913116,8
2014,3558,37.56339645,127.04187012,8
2015,3559,37.54590988,127.04460144,36
2016,3560,37.56370926,127.05644989,83
2017,3561,37.55926895,127.03839874,8
2018,3563,37.53680038,127.09083557,2
2019,3564,37.54720306,127.09786224,19
2020,3566,37.53507233,127.07611084,2
2021,3569,37.53956604,127.0724411,2
2022,3570,37.53809738,127.08901978,2
2023,3571,37.54434967,127.0654068,15
2024,3573,37.5513382,127.07671356,15
2025,3575,37.53657532,127.08258057,2
2026,3578,37.55500793,127.08581543,19
2027,3579,37.54788971,127.06745148,15
2028,3581,37.54747009,127.07396698,15
2029,3582,37.54798889,127.06950378,15
2030,3586,37.55771255,127.07727051,19
2031,3587,37.54246521,127.09423065,66
2032,3588,37.55237198,127.07353973,15
2033,3600,37.56119156,127.04968262,36
2034,3652,37.54883575,127.15617371,29
2035,3802,37.47288132,126.96003723,48
2036,4652,37.59883881,126.90764618,87
2037,4702,37.60604858,126.96763611,94
2038,4711,37.58983612,126.99934387,74
